{
	"sources": [
		{
			"type": "directory",
			"source": "items",
			"prefix": "items/"
		},
		{
			"type": "directory",
			"source": "toffy",
			"prefix": "toffy/"
		},
		{
			"type": "directory",
			"source": "custom",
			"prefix": "custom/"
		},
		{
			"type": "single",
			"resource": "entity/trident"
		},
		{
			"type": "directory",
			"source": "blueprint",
			"prefix": "blueprint/"
		},
		{
			"source": "nocsy",
			"prefix": "nocsy/",
			"type": "directory"
		},
		{"source":"entity","prefix":"entity/","type":"directory"},
{"type":"single","resource":"modelengine:entity/nocsy_ganondorf"},
{"type":"single","resource":"modelengine:entity/nocsy_ganon"},
{"type":"single","resource":"modelengine:entity/nocsy_fpv2_slender"},
{"type":"single","resource":"modelengine:entity/ender_witch"},
{"type":"single","resource":"modelengine:entity/goblin_shaman"},
{"type":"single","resource":"modelengine:entity/ender_ripper"},
{"type":"single","resource":"purpleworldset:purpleworldset/purpleworld_hoe"},
{"type":"single","resource":"modelengine:entity/nocsy_fpv2_tombstone2"},
{"type":"single","resource":"modelengine:entity/shadow_drop"},
{"type":"single","resource":"purpleworldset:purpleworldset/purpleworld_shovel"},
{"type":"single","resource":"modelengine:entity/nocsy_drakonin_water_geyser"},
{"type":"single","resource":"modelengine:entity/pursued"},
{"type":"single","resource":"modelengine:entity/phoenix_thunder"},
{"type":"single","resource":"modelengine:entity/swamps_cubee"},
{"type":"single","resource":"modelengine:entity/slime_triple"},
{"type":"single","resource":"modelengine:entity/hv_tenebris_portal_bottom"},
{"type":"single","resource":"elitecreatures:valentines_animated_weapon_and_tool_set_v1/helmet_icon"},
{"type":"single","resource":"elitecreatures:carnivoret_weapon_set/chest"},
{"type":"single","resource":"elitecreatures:carnivoret_weapon_set/spear"},
{"type":"single","resource":"modelengine:entity/savanna_cubee"},
{"type":"single","resource":"_iainternal:icons/icon_next_orange"},
{"type":"single","resource":"modelengine:entity/nocsy_cat_fallen"},
{"type":"single","resource":"elitecreatures:valentines_animated_weapon_and_tool_set_v1/bowfill"},
{"type":"single","resource":"modelengine:entity/soul_bearer"},
{"type":"single","resource":"modelengine:entity/maskerer"},
{"type":"single","resource":"modelengine:entity/stick"},
{"type":"single","resource":"modelengine:entity/ender_clam"},
{"type":"single","resource":"elitecreatures:carnivoret_weapon_set/sword"},
{"type":"single","resource":"elitecreatures:valentines_animated_weapon_and_tool_set_v1/boots_icon"},
{"type":"single","resource":"modelengine:entity/amethyst_crystal_dragon"},
{"type":"single","resource":"modelengine:entity/heavy_dust_cloud"},
{"type":"single","resource":"elitecreatures:carnivoret_weapon_set/carnivoret_boots"},
{"type":"single","resource":"modelengine:entity/nocsy_otter_v2"},
{"type":"single","resource":"modelengine:entity/sculk_spike"},
{"type":"single","resource":"modelengine:entity/voiddragon"},
{"type":"single","resource":"modelengine:entity/horse_glacial"},
{"type":"single","resource":"_iainternal:icons/icon_cancel"},
{"type":"single","resource":"modelengine:entity/capybara"},
{"type":"single","resource":"elitecreatures:carnivoret_weapon_set/axe1"},
{"type":"single","resource":"_iainternal:icons/icon_arrow_chest"},
{"type":"single","resource":"modelengine:entity/vfx_arrow"},
{"type":"single","resource":"modelengine:entity/nocsy_drakonin_egg"},
{"type":"single","resource":"elitecreatures:valentines_animated_weapon_and_tool_set_v1/heartnitro"},
{"type":"single","resource":"modelengine:entity/nocsy_cat_fallen_eyes"},
{"type":"single","resource":"modelengine:entity/nocsy_drakonin3"},
{"type":"single","resource":"modelengine:entity/nocsy_drakonin2"},
{"type":"single","resource":"modelengine:entity/goblin_assassin"},
{"type":"single","resource":"modelengine:entity/skeleton_cubee"},
{"type":"single","resource":"modelengine:entity/nocsy_drakonin7"},
{"type":"single","resource":"modelengine:entity/nocsy_drakonin6"},
{"type":"single","resource":"modelengine:entity/nocsy_drakonin5"},
{"type":"single","resource":"modelengine:entity/nocsy_drakonin_rocks"},
{"type":"single","resource":"modelengine:entity/nocsy_drakonin4"},
{"type":"single","resource":"modelengine:entity/void_beholder"},
{"type":"single","resource":"modelengine:entity/shadow_sorcerer_shadows"},
{"type":"single","resource":"modelengine:entity/nocsy_drakonin8"},
{"type":"single","resource":"modelengine:entity/nocsy_drakonin_tornado"},
{"type":"single","resource":"modelengine:entity/hv_tenebris_staff_vfx"},
{"type":"single","resource":"modelengine:entity/vfx_flame_shot_1"},
{"type":"single","resource":"modelengine:entity/plains_cubee"},
{"type":"single","resource":"modelengine:entity/water_cubee"},
{"type":"single","resource":"modelengine:entity/hv_tenebris_projectile"},
{"type":"single","resource":"cubees:v1/water_cubee"},
{"type":"single","resource":"modelengine:entity/stone_cubee"},
{"type":"single","resource":"modelengine:entity/goblin_warrior"},
{"type":"single","resource":"elitecreatures:valentines_animated_weapon_and_tool_set_v1/valentine_tex7"},
{"type":"single","resource":"elitecreatures:valentines_animated_weapon_and_tool_set_v1/valentine_tex6"},
{"type":"single","resource":"elitecreatures:valentines_animated_weapon_and_tool_set_v1/valentine_tex8"},
{"type":"single","resource":"modelengine:entity/slime_healer"},
{"type":"single","resource":"elitecreatures:carnivoret_weapon_set/carnivoret_leggings"},
{"type":"single","resource":"elitecreatures:valentines_animated_weapon_and_tool_set_v1/valentine_tex3"},
{"type":"single","resource":"modelengine:entity/goblin_archer_extra"},
{"type":"single","resource":"elitecreatures:valentines_animated_weapon_and_tool_set_v1/valentine_tex2"},
{"type":"single","resource":"modelengine:entity/sculk_sentinel"},
{"type":"single","resource":"elitecreatures:valentines_animated_weapon_and_tool_set_v1/valentine_tex5"},
{"type":"single","resource":"elitecreatures:valentines_animated_weapon_and_tool_set_v1/valentine_tex4"},
{"type":"single","resource":"modelengine:entity/vfx_ender_web"},
{"type":"single","resource":"modelengine:entity/shadow_beast_effect"},
{"type":"single","resource":"elitecreatures:carnivoret_weapon_set/shovel"},
{"type":"single","resource":"elitecreatures:valentines_animated_weapon_and_tool_set_v1/valentine_tex1"},
{"type":"single","resource":"modelengine:entity/slime_lava"},
{"type":"single","resource":"modelengine:entity/nocsy_moblin2"},
{"type":"single","resource":"modelengine:entity/shroud_of_darkness"},
{"type":"single","resource":"modelengine:entity/tnt_cubee"},
{"type":"single","resource":"modelengine:entity/sculked_crustacean"},
{"type":"single","resource":"elitecreatures:carnivoret_weapon_set/pickaxe"},
{"type":"single","resource":"elitecreatures:valentines_animated_weapon_and_tool_set_v1/chestplate_icon"},
{"type":"single","resource":"modelengine:entity/nocsy_drakonin_shadowspell"},
{"type":"single","resource":"elitecreatures:carnivoret_weapon_set/fishing1"},
{"type":"single","resource":"modelengine:entity/nocsy_drakonin_baby2"},
{"type":"single","resource":"modelengine:entity/nocsy_drakonin_baby3"},
{"type":"single","resource":"modelengine:entity/nocsy_drakonin_baby4"},
{"type":"single","resource":"modelengine:entity/nocsy_drakonin"},
{"type":"single","resource":"modelengine:entity/nocsy_drakonin_baby5"},
{"type":"single","resource":"modelengine:entity/sculk_crabby"},
{"type":"single","resource":"modelengine:entity/nocsy_drakonin_baby6"},
{"type":"single","resource":"modelengine:entity/nocsy_drakonin_baby7"},
{"type":"single","resource":"modelengine:entity/nocsy_drakonin_baby8"},
{"type":"single","resource":"modelengine:entity/grass_cubee"},
{"type":"single","resource":"modelengine:entity/echo_enshrouder"},
{"type":"single","resource":"modelengine:entity/kitsune_demonic"},
{"type":"single","resource":"purpleworldset:purpleworldset/purpleworld_axe"},
{"type":"single","resource":"modelengine:entity/nocsy_fpv2_boss"},
{"type":"single","resource":"modelengine:entity/nocsy_ganon_bokoblin1"},
{"type":"single","resource":"modelengine:entity/evil_cubee"},
{"type":"single","resource":"elitecreatures:valentines_animated_weapon_and_tool_set_v1/battery"},
{"type":"single","resource":"modelengine:entity/nocsy_ganon_bokoblin3"},
{"type":"single","resource":"_iainternal:icons/icon_search"},
{"type":"single","resource":"modelengine:entity/nocsy_ganon_bokoblin2"},
{"type":"single","resource":"modelengine:entity/possesed_mask"},
{"type":"single","resource":"purpleworldset:purpleworldset/purpleworld_pickaxe"},
{"type":"single","resource":"modelengine:entity/nocsy_moblin"},
{"type":"single","resource":"modelengine:entity/slime_mage"},
{"type":"single","resource":"modelengine:entity/nocsy_thread_ball"},
{"type":"single","resource":"modelengine:entity/vfx_ender_laser"},
{"type":"single","resource":"elitecreatures:valentines_animated_weapon_and_tool_set_v1/heartrotate1"},
{"type":"single","resource":"_iainternal:icons/icon_left_blue"},
{"type":"single","resource":"elitecreatures:carnivoret_weapon_set/bow4"},
{"type":"single","resource":"modelengine:entity/shadow_golem"},
{"type":"single","resource":"elitecreatures:carnivoret_weapon_set/bow3"},
{"type":"single","resource":"elitecreatures:carnivoret_weapon_set/bow2"},
{"type":"single","resource":"elitecreatures:carnivoret_weapon_set/bow1"},
{"type":"single","resource":"modelengine:entity/pursued_shadow"},
{"type":"single","resource":"modelengine:entity/horse_magma"},
{"type":"single","resource":"elitecreatures:carnivoret_weapon_set/staff"},
{"type":"single","resource":"purpleworldset:purpleworldset/purpleworld_battleaxe"},
{"type":"single","resource":"modelengine:entity/nocsy_mokoblin_javelin"},
{"type":"single","resource":"modelengine:entity/phoenix_light"},
{"type":"single","resource":"modelengine:entity/hv_tenebris"},
{"type":"single","resource":"modelengine:entity/nocsy_ganondorf_fire"},
{"type":"single","resource":"modelengine:entity/nocsy_moblin_hachoir"},
{"type":"single","resource":"elitecreatures:carnivoret_weapon_set/hoe"},
{"type":"single","resource":"modelengine:entity/sculk_screamer"},
{"type":"single","resource":"modelengine:entity/slime_winged"},
{"type":"single","resource":"modelengine:entity/soul_bearer_anim"},
{"type":"single","resource":"modelengine:entity/nocsy_fpv2_dog"},
{"type":"single","resource":"cubees:v1/grass_cubee"},
{"type":"single","resource":"cubees:v1/evil_cubee"},
{"type":"single","resource":"purpleworldset:purpleworldset/purpleworld_dagger"},
{"type":"single","resource":"modelengine:entity/phantom_ender"},
{"type":"single","resource":"modelengine:entity/snow_cubee"},
{"type":"single","resource":"cubees:v1/fire_cubee"},
{"type":"single","resource":"modelengine:entity/end_seeker"},
{"type":"single","resource":"elitecreatures:carnivoret_weapon_set/wing"},
{"type":"single","resource":"modelengine:entity/desert_cubee"},
{"type":"single","resource":"modelengine:entity/nocsy_cat6"},
{"type":"single","resource":"modelengine:entity/nocsy_cat5"},
{"type":"single","resource":"modelengine:entity/nocsy_cat4"},
{"type":"single","resource":"modelengine:entity/nocsy_cat3"},
{"type":"single","resource":"modelengine:entity/nocsy_cat2"},
{"type":"single","resource":"modelengine:entity/nocsy_cat1"},
{"type":"single","resource":"cubees:v1/skeleton_cubee"},
{"type":"single","resource":"modelengine:entity/hv_tenebris_projectile_vfx"},
{"type":"single","resource":"modelengine:entity/kitsune"},
{"type":"single","resource":"modelengine:entity/lush_cubee"},
{"type":"single","resource":"modelengine:entity/toffy_triforce"},
{"type":"single","resource":"modelengine:entity/nocsy_moblin_hammer"},
{"type":"single","resource":"modelengine:entity/goblin_shaman_extra"},
{"type":"single","resource":"modelengine:entity/end_scuttler"},
{"type":"single","resource":"cubees:v1/tnt_cubee"},
{"type":"single","resource":"modelengine:entity/slime_king"},
{"type":"single","resource":"modelengine:entity/fire_cubee"},
{"type":"single","resource":"modelengine:entity/shadow_sorcerer_body"},
{"type":"single","resource":"modelengine:entity/cursed_dragon"},
{"type":"single","resource":"elitecreatures:carnivoret_weapon_set/carnivoret_chestplate"},
{"type":"single","resource":"purpleworldset:purpleworldset/purpleworld_sword"},
{"type":"single","resource":"modelengine:entity/phoenix_darkflame"},
{"type":"single","resource":"modelengine:entity/slime_common"},
{"type":"single","resource":"purpleworldset:purpleworldset/purpleworld_bow"},
{"type":"single","resource":"modelengine:entity/ender_hammerhead"},
{"type":"single","resource":"modelengine:entity/goblin_archer"},
{"type":"single","resource":"cubees:v1/stone_cubee"},
{"type":"single","resource":"modelengine:entity/nocsy_fpv2_ghoul"},
{"type":"single","resource":"modelengine:entity/slime_warrior"},
{"type":"single","resource":"modelengine:entity/horse_spartan"},
{"type":"single","resource":"elitecreatures:carnivoret_weapon_set/hat"},
{"type":"single","resource":"elitecreatures:valentines_animated_weapon_and_tool_set_v1/heartrotate"},
{"type":"single","resource":"modelengine:entity/hv_tenebris_grab_vfx"},
{"type":"single","resource":"modelengine:entity/hv_tenebris_portal_tentacles"},
{"type":"single","resource":"modelengine:entity/phantom_ghost"},
{"type":"single","resource":"modelengine:entity/goblin_assassin_extra"},
{"type":"single","resource":"modelengine:entity/shadow_hands"},
{"type":"single","resource":"modelengine:entity/phoenix_flame"},
{"type":"single","resource":"modelengine:entity/nocsy_drakonin_roots"},
{"type":"single","resource":"elitecreatures:carnivoret_weapon_set/hammer"},
{"type":"single","resource":"modelengine:entity/jungle_cubee"},
{"type":"single","resource":"modelengine:entity/nocsy_drakonin_poisoncloud_animated"},
{"type":"single","resource":"modelengine:entity/horse_unicorn"},
{"type":"single","resource":"modelengine:entity/nocsy_fpv2_tombstone"},
{"type":"single","resource":"modelengine:entity/mushroom_cubee"},
{"type":"single","resource":"modelengine:entity/nocsy_ganon_dark_orb"},
{"type":"single","resource":"elitecreatures:valentines_animated_weapon_and_tool_set_v1/cameralens1"},
{"type":"single","resource":"elitecreatures:carnivoret_weapon_set/key"},
{"type":"single","resource":"elitecreatures:valentines_animated_weapon_and_tool_set_v1/leggings_icon"},
{"type":"single","resource":"_iainternal:icons/icon_back_orange"},
{"type":"single","resource":"elitecreatures:valentines_animated_weapon_and_tool_set_v1/glassese"},
{"type":"single","resource":"modelengine:entity/nocsy_fpv2_ghost"},
{"type":"single","resource":"modelengine:entity/kitsune_inferno"},
{"type":"single","resource":"modelengine:entity/slime_frost"},
{"type":"single","resource":"modelengine:entity/good_cubee"},
{"type":"single","resource":"modelengine:entity/nocsy_drakonin_firespell"},
{"type":"single","resource":"modelengine:entity/nocsy_minion2_sword"},
{"type":"single","resource":"elitecreatures:carnivoret_weapon_set/scythe"},
{"type":"single","resource":"elitecreatures:carnivoret_weapon_set/shield"},
{"type":"single","resource":"modelengine:entity/nocsy_drakonin_baby"},
{"type":"single","resource":"_iainternal:icons/icon_right_blue"},
{"type":"single","resource":"modelengine:entity/vfx_arrow_trail"},
{"type":"single","resource":"cubees:v1/good_cubee"},
{"type":"single","resource":"modelengine:entity/nocsy_fantasy_fairy"},
{"type":"single","resource":"modelengine:entity/goblin_archer_extra_flash"},
{"type":"single","resource":"modelengine:entity/amethyst_crystal_dragon_light"},
{"type":"single","resource":"elitecreatures:valentines_animated_weapon_and_tool_set_v1/cloudheart"},
{"type":"single","resource":"modelengine:entity/ender_slime"},
{"type":"single","resource":"modelengine:entity/horse_pegasus"},
{"type":"single","resource":"modelengine:entity/nocsy_corrupted_flames_transformation"},
{"type":"single","resource":"modelengine:entity/shadow_sorcerer_projectile"}
	]
}