{"providers":[{"file":"char/black.png","chars":["\uF822"],"height":1,"ascent":-5000,"type":"bitmap"},
{"file":"char/black.png","chars":["\uF823"],"height":2,"ascent":-5000,"type":"bitmap"},
{"file":"char/black.png","chars":["\uF824"],"height":3,"ascent":-5000,"type":"bitmap"},
{"file":"char/black.png","chars":["\uF825"],"height":4,"ascent":-5000,"type":"bitmap"},
{"file":"char/black.png","chars":["\uF826"],"height":5,"ascent":-5000,"type":"bitmap"},
{"file":"char/black.png","chars":["\uF827"],"height":6,"ascent":-5000,"type":"bitmap"},
{"file":"char/black.png","chars":["\uF828"],"height":7,"ascent":-5000,"type":"bitmap"},
{"file":"char/black.png","chars":["\uF829"],"height":15,"ascent":-5000,"type":"bitmap"},
{"file":"char/black.png","chars":["\uF82A"],"height":31,"ascent":-5000,"type":"bitmap"},
{"file":"char/black.png","chars":["\uF82B"],"height":63,"ascent":-5000,"type":"bitmap"},
{"file":"char/black.png","chars":["\uF82C"],"height":127,"ascent":-5000,"type":"bitmap"},
{"file":"char/black.png","chars":["\uF82D"],"height":256,"ascent":-5000,"type":"bitmap"},
{"file":"char/black.png","chars":["\uF82E"],"height":512,"ascent":-5000,"type":"bitmap"},
{"file":"char/black.png","chars":["\uF82F"],"height":1024,"ascent":-5000,"type":"bitmap"},
{"file":"char/black.png","chars":["\uF801"],"height":-3,"ascent":-5000,"type":"bitmap"},
{"file":"char/black.png","chars":["\uF802"],"height":-4,"ascent":-5000,"type":"bitmap"},
{"file":"char/black.png","chars":["\uF803"],"height":-5,"ascent":-5000,"type":"bitmap"},
{"file":"char/black.png","chars":["\uF804"],"height":-6,"ascent":-5000,"type":"bitmap"},
{"file":"char/black.png","chars":["\uF805"],"height":-7,"ascent":-5000,"type":"bitmap"},
{"file":"char/black.png","chars":["\uF806"],"height":-8,"ascent":-5000,"type":"bitmap"},
{"file":"char/black.png","chars":["\uF807"],"height":-9,"ascent":-5000,"type":"bitmap"},
{"file":"char/black.png","chars":["\uF808"],"height":-10,"ascent":-5000,"type":"bitmap"},
{"file":"char/black.png","chars":["\uF809"],"height":-18,"ascent":-5000,"type":"bitmap"},
{"file":"char/black.png","chars":["\uF80A"],"height":-34,"ascent":-5000,"type":"bitmap"},
{"file":"char/black.png","chars":["\uF80B"],"height":-66,"ascent":-5000,"type":"bitmap"},
{"file":"char/black.png","chars":["\uF80C"],"height":-130,"ascent":-5000,"type":"bitmap"},
{"file":"char/black.png","chars":["\uF80D"],"height":-259,"ascent":-5000,"type":"bitmap"},
{"file":"char/black.png","chars":["\uF80E"],"height":-515,"ascent":-5000,"type":"bitmap"},
{"file":"char/black.png","chars":["\uF80F"],"height":-1027,"ascent":-5000,"type":"bitmap"},
{"file":"_iainternal:gui/no_recipe.png","chars":["\uE000"],"height":170,"ascent":47,"type":"bitmap"},
{"file":"_iainternal:gui/crafting.png","chars":["\uE001"],"height":170,"ascent":47,"type":"bitmap"},
{"file":"_iainternal:gui/cooking.png","chars":["\uE002"],"height":170,"ascent":47,"type":"bitmap"},
{"file":"_iainternal:gui/blank_menu.png","chars":["\uE003"],"height":170,"ascent":47,"type":"bitmap"},
{"file":"_iainternal:gui/anvil_repair.png","chars":["\uE004"],"height":170,"ascent":47,"type":"bitmap"},
{"file":"_iainternal:gui/smithing.png","chars":["\uE005"],"height":170,"ascent":47,"type":"bitmap"},
{"file":"_iainternal:hud/small_cooldown_bar/0.png","chars":["\uE006"],"height":22,"ascent":-42,"type":"bitmap"},
{"file":"_iainternal:hud/small_cooldown_bar/1.png","chars":["\uE007"],"height":22,"ascent":-42,"type":"bitmap"},
{"file":"_iainternal:hud/small_cooldown_bar/2.png","chars":["\uE008"],"height":22,"ascent":-42,"type":"bitmap"},
{"file":"_iainternal:hud/small_cooldown_bar/3.png","chars":["\uE009"],"height":22,"ascent":-42,"type":"bitmap"},
{"file":"_iainternal:hud/small_cooldown_bar/4.png","chars":["\uE00A"],"height":22,"ascent":-42,"type":"bitmap"},
{"file":"_iainternal:hud/small_cooldown_bar/5.png","chars":["\uE00B"],"height":22,"ascent":-42,"type":"bitmap"},
{"file":"_iainternal:hud/small_cooldown_bar/6.png","chars":["\uE00C"],"height":22,"ascent":-42,"type":"bitmap"},
{"file":"_iainternal:hud/small_cooldown_bar/7.png","chars":["\uE00D"],"height":22,"ascent":-42,"type":"bitmap"},
{"file":"_iainternal:hud/small_cooldown_bar/8.png","chars":["\uE00E"],"height":22,"ascent":-42,"type":"bitmap"},
{"file":"_iainternal:hud/small_cooldown_bar/9.png","chars":["\uE00F"],"height":22,"ascent":-42,"type":"bitmap"},
{"file":"_iainternal:hud/small_cooldown_bar/10.png","chars":["\uE010"],"height":22,"ascent":-42,"type":"bitmap"},
{"file":"_iainternal:hud/small_cooldown_bar/11.png","chars":["\uE011"],"height":22,"ascent":-42,"type":"bitmap"},
{"file":"_iainternal:hud/small_cooldown_bar/12.png","chars":["\uE012"],"height":22,"ascent":-42,"type":"bitmap"},
{"file":"_iainternal:hud/small_cooldown_bar/13.png","chars":["\uE013"],"height":22,"ascent":-42,"type":"bitmap"},
{"file":"_iainternal:hud/small_cooldown_bar/14.png","chars":["\uE014"],"height":22,"ascent":-42,"type":"bitmap"},
{"file":"_iainternal:hud/small_cooldown_bar/15.png","chars":["\uE015"],"height":22,"ascent":-42,"type":"bitmap"},
{"file":"_iainternal:hud/small_cooldown_bar/16.png","chars":["\uE016"],"height":22,"ascent":-42,"type":"bitmap"},
{"file":"_iainternal:hud/small_cooldown_bar/17.png","chars":["\uE017"],"height":22,"ascent":-42,"type":"bitmap"},
{"file":"_iainternal:hud/small_cooldown_bar/18.png","chars":["\uE018"],"height":22,"ascent":-42,"type":"bitmap"},
{"file":"_iainternal:hud/small_cooldown_bar/19.png","chars":["\uE019"],"height":22,"ascent":-42,"type":"bitmap"},
{"file":"_iainternal:hud/small_cooldown_bar/20.png","chars":["\uE01A"],"height":22,"ascent":-42,"type":"bitmap"}]}