{"credit":"MadewithBlockbench","texture_size":[128,128],"textures":{"2":"elitecreatures:carnivoret_weapon_set/chest"},"elements":[{"from":[-3,0.075,3],"to":[1,6.8,13],"rotation":{"angle":0,"axis":"y","origin":[11,20.9,8]},"faces":{"north":{"uv":[9,5.375,9.5,6.1875],"texture":"#2"},"east":{"uv":[5.625,2,6.875,2.8125],"texture":"#2"},"south":{"uv":[9,8.25,9.5,9.0625],"texture":"#2"},"west":{"uv":[2.625,5.625,3.875,6.4375],"texture":"#2"},"up":{"uv":[1.625,9.25,1.125,8],"texture":"#2"},"down":{"uv":[8.625,1.875,8.125,3.125],"texture":"#2"}}},{"from":[15,0.075,3],"to":[19,6.8,13],"rotation":{"angle":0,"axis":"y","origin":[5,20.9,8]},"faces":{"north":{"uv":[9,9.125,9.5,9.9375],"texture":"#2"},"east":{"uv":[5.625,2.875,6.875,3.6875],"texture":"#2"},"south":{"uv":[1.125,9.25,1.625,10.0625],"texture":"#2"},"west":{"uv":[5.625,3.75,6.875,4.5625],"texture":"#2"},"up":{"uv":[8.625,7.625,8.125,6.375],"texture":"#2"},"down":{"uv":[8.625,7.625,8.125,8.875],"texture":"#2"}}},{"from":[15,6.8,3],"to":[17,12.05,13],"rotation":{"angle":0,"axis":"y","origin":[5,22.15,8]},"faces":{"north":{"uv":[1,5.75,1.25,6.4375],"texture":"#2"},"east":{"uv":[6.625,5.75,7.875,6.4375],"texture":"#2"},"south":{"uv":[8.5,9.5,8.75,10.1875],"texture":"#2"},"west":{"uv":[0,6.75,1.25,7.4375],"texture":"#2"},"up":{"uv":[8.5,10.125,8.25,8.875],"texture":"#2"},"down":{"uv":[1.875,9.25,1.625,10.5],"texture":"#2"}}},{"from":[-0.5,0.025,-0.5],"to":[16.5,1.275,16.5],"rotation":{"angle":0,"axis":"y","origin":[8,-4.9,8]},"faces":{"north":{"uv":[11.625,0.625,9.5,0.5],"texture":"#2"},"east":{"uv":[11.625,4.125,9.5,4],"texture":"#2"},"south":{"uv":[11.625,4,9.5,3.875],"texture":"#2"},"west":{"uv":[11.625,0.75,9.5,0.625],"texture":"#2"},"up":{"uv":[0,4.25,2.125,2.125],"texture":"#2"},"down":{"uv":[0,0,2.125,2.125],"texture":"#2"}}},{"from":[5,5.3,-1.75],"to":[11,11.3,1.1],"rotation":{"angle":0,"axis":"y","origin":[8,20.9,8]},"faces":{"north":{"uv":[8,3.5,8.75,4.25],"texture":"#2"},"east":{"uv":[1.875,9.5,2.25,10.25],"texture":"#2"},"south":{"uv":[8.25,0.75,9,1.5],"texture":"#2"},"west":{"uv":[3.75,9.5,4.125,10.25],"texture":"#2"},"up":{"uv":[10.125,7.125,9.375,6.75],"texture":"#2"},"down":{"uv":[10.25,5.375,9.5,5.75],"texture":"#2"}}},{"from":[6,11.3,-1.25],"to":[10,12.8,0],"rotation":{"angle":0,"axis":"y","origin":[8,20.9,8]},"faces":{"north":{"uv":[0.375,10.25,0.875,10.4375],"texture":"#2"},"east":{"uv":[1,10.5,1.1875,10.6875],"texture":"#2"},"south":{"uv":[3.75,10.25,4.25,10.4375],"texture":"#2"},"west":{"uv":[10.5,1.25,10.6875,1.4375],"texture":"#2"},"up":{"uv":[4.75,10.4375,4.25,10.25],"texture":"#2"},"down":{"uv":[5.25,10.25,4.75,10.4375],"texture":"#2"}}},{"from":[7.23046,11.16612,-1.275],"to":[10.05546,13.99112,0.025],"rotation":{"angle":45,"axis":"z","origin":[8.05546,11.91612,-0.625]},"faces":{"north":{"uv":[10.125,1.25,10.5,1.625],"texture":"#2"},"east":{"uv":[3.125,10.375,3.3125,10.75],"texture":"#2"},"south":{"uv":[10.125,1.625,10.5,2],"texture":"#2"},"west":{"uv":[10.375,4.125,10.5625,4.5],"texture":"#2"},"up":{"uv":[10.75,4.6875,10.375,4.5],"texture":"#2"},"down":{"uv":[10.75,4.75,10.375,4.9375],"texture":"#2"}}},{"from":[0,8.3,-1.25],"to":[5,11.3,1.1],"rotation":{"angle":0,"axis":"y","origin":[11,20.9,8]},"faces":{"north":{"uv":[4.125,9.625,4.75,10],"texture":"#2"},"east":{"uv":[10.125,6.75,10.4375,7.125],"texture":"#2"},"south":{"uv":[4.75,9.625,5.375,10],"texture":"#2"},"west":{"uv":[9.5,10.125,9.8125,10.5],"texture":"#2"},"up":{"uv":[10.125,10.0625,9.5,9.75],"texture":"#2"},"down":{"uv":[0.625,9.875,0,10.1875],"texture":"#2"}}},{"from":[16,8.3,-1.25],"to":[17.25,11.3,17.25],"rotation":{"angle":0,"axis":"y","origin":[26,20.9,4]},"faces":{"north":{"uv":[8.5,10.25,8.6875,10.625],"texture":"#2"},"east":{"uv":[6.625,4.625,8.9375,5],"texture":"#2"},"south":{"uv":[8.75,10.25,8.9375,10.625],"texture":"#2"},"west":{"uv":[6.625,5,8.9375,5.375],"texture":"#2"},"up":{"uv":[2.5625,9.9375,2.375,7.625],"texture":"#2"},"down":{"uv":[7.6875,7.875,7.5,10.1875],"texture":"#2"}}},{"from":[11,8.3,-1.25],"to":[16,11.3,1.1],"rotation":{"angle":0,"axis":"y","origin":[5,20.9,8]},"faces":{"north":{"uv":[5.375,9.625,6,10],"texture":"#2"},"east":{"uv":[10.125,9.75,10.4375,10.125],"texture":"#2"},"south":{"uv":[6,9.625,6.625,10],"texture":"#2"},"west":{"uv":[9.875,10.125,10.1875,10.5],"texture":"#2"},"up":{"uv":[10.5,7.4375,9.875,7.125],"texture":"#2"},"down":{"uv":[10.5,7.5,9.875,7.8125],"texture":"#2"}}},{"from":[4.6125,21.05,6.5],"to":[4.6125,25.05,11],"rotation":{"angle":0,"axis":"y","origin":[8,19.8,7]},"faces":{"north":{"uv":[0,0,0,0.5],"texture":"#2"},"east":{"uv":[3.125,9.5,3.6875,10],"texture":"#2"},"south":{"uv":[0,0,0,0.5],"texture":"#2"},"west":{"uv":[9.5,3.375,10.0625,3.875],"texture":"#2"},"up":{"uv":[0,0.5625,0,0],"texture":"#2"},"down":{"uv":[0,0,0,0.5625],"texture":"#2"}}},{"from":[-9.5,5.5,8],"to":[-2.5,21.5,8],"rotation":{"angle":45,"axis":"y","origin":[8,6,8]},"faces":{"north":{"uv":[5.625,0,6.5,2],"texture":"#2"},"east":{"uv":[0,0,0,2],"texture":"#2"},"south":{"uv":[6.5,0,5.625,2],"texture":"#2"},"west":{"uv":[0,0,0,2],"texture":"#2"},"up":{"uv":[0.875,0,0,0],"texture":"#2"},"down":{"uv":[0.875,0,0,0],"texture":"#2"}}},{"from":[18.5,5.5,8],"to":[25.5,21.5,8],"rotation":{"angle":-45,"axis":"y","origin":[8,6,8]},"faces":{"north":{"uv":[6.5,0,5.625,2],"texture":"#2"},"east":{"uv":[0,0,0,2],"texture":"#2"},"south":{"uv":[5.625,0,6.5,2],"texture":"#2"},"west":{"uv":[0,0,0,2],"texture":"#2"},"up":{"uv":[0,0,0.875,0],"texture":"#2"},"down":{"uv":[0,0,0.875,0],"texture":"#2"}}},{"from":[18.5,5.5,8],"to":[25.5,21.5,8],"rotation":{"angle":45,"axis":"y","origin":[8,6,8]},"faces":{"north":{"uv":[6.5,0,5.625,2],"texture":"#2"},"east":{"uv":[0,0,0,2],"texture":"#2"},"south":{"uv":[5.625,0,6.5,2],"texture":"#2"},"west":{"uv":[0,0,0,2],"texture":"#2"},"up":{"uv":[0,0,0.875,0],"texture":"#2"},"down":{"uv":[0,0,0.875,0],"texture":"#2"}}},{"from":[-9.5,5.5,8],"to":[-2.5,21.5,8],"rotation":{"angle":-45,"axis":"y","origin":[8,6,8]},"faces":{"north":{"uv":[5.625,0,6.5,2],"texture":"#2"},"east":{"uv":[0,0,0,2],"texture":"#2"},"south":{"uv":[6.5,0,5.625,2],"texture":"#2"},"west":{"uv":[0,0,0,2],"texture":"#2"},"up":{"uv":[0.875,0,0,0],"texture":"#2"},"down":{"uv":[0.875,0,0,0],"texture":"#2"}}},{"from":[13,1.3,13],"to":[16,16.3,16],"rotation":{"angle":0,"axis":"y","origin":[8,20.9,8]},"faces":{"north":{"uv":[6.375,7.75,6.75,9.625],"texture":"#2"},"east":{"uv":[7.75,7,8.125,8.875],"texture":"#2"},"south":{"uv":[6.75,7.875,7.125,9.75],"texture":"#2"},"west":{"uv":[7.125,7.875,7.5,9.75],"texture":"#2"},"up":{"uv":[10.5,3.75,10.125,3.375],"texture":"#2"},"down":{"uv":[7,10.125,6.625,10.5],"texture":"#2"}}},{"from":[0,1.3,13],"to":[3,16.3,16],"rotation":{"angle":0,"axis":"y","origin":[8,20.9,8]},"faces":{"north":{"uv":[4.875,7.75,5.25,9.625],"texture":"#2"},"east":{"uv":[5.25,7.75,5.625,9.625],"texture":"#2"},"south":{"uv":[5.625,7.75,6,9.625],"texture":"#2"},"west":{"uv":[6,7.75,6.375,9.625],"texture":"#2"},"up":{"uv":[10.5,2.375,10.125,2],"texture":"#2"},"down":{"uv":[10.5,2.375,10.125,2.75],"texture":"#2"}}},{"from":[-1,6.8,3],"to":[1,12.05,13],"rotation":{"angle":0,"axis":"y","origin":[11,22.15,8]},"faces":{"north":{"uv":[8.75,9.5,9,10.1875],"texture":"#2"},"east":{"uv":[6.875,2,8.125,2.6875],"texture":"#2"},"south":{"uv":[7.25,9.75,7.5,10.4375],"texture":"#2"},"west":{"uv":[6.875,2.75,8.125,3.4375],"texture":"#2"},"up":{"uv":[2.875,10.625,2.625,9.375],"texture":"#2"},"down":{"uv":[3.125,9.375,2.875,10.625],"texture":"#2"}}},{"from":[15,12.05,3],"to":[18,14.8,13],"rotation":{"angle":0,"axis":"y","origin":[5,20.9,8]},"faces":{"north":{"uv":[10.125,0,10.5,0.375],"texture":"#2"},"east":{"uv":[8.625,7.5,9.875,7.875],"texture":"#2"},"south":{"uv":[1,10.125,1.375,10.5],"texture":"#2"},"west":{"uv":[8.625,7.875,9.875,8.25],"texture":"#2"},"up":{"uv":[1.125,9.875,0.75,8.625],"texture":"#2"},"down":{"uv":[9,8.25,8.625,9.5],"texture":"#2"}}},{"from":[-2,12.05,3],"to":[1,14.8,13],"rotation":{"angle":0,"axis":"y","origin":[11,20.9,8]},"faces":{"north":{"uv":[6.25,10,6.625,10.375],"texture":"#2"},"east":{"uv":[8.125,3.125,9.375,3.5],"texture":"#2"},"south":{"uv":[9,10,9.375,10.375],"texture":"#2"},"west":{"uv":[8.625,7.125,9.875,7.5],"texture":"#2"},"up":{"uv":[2.125,5.5,1.75,4.25],"texture":"#2"},"down":{"uv":[2,8,1.625,9.25],"texture":"#2"}}},{"from":[0,1.3,0],"to":[3,16.3,3],"rotation":{"angle":0,"axis":"y","origin":[8,20.9,8]},"faces":{"north":{"uv":[3.375,7.625,3.75,9.5],"texture":"#2"},"east":{"uv":[3.75,7.625,4.125,9.5],"texture":"#2"},"south":{"uv":[4.125,7.625,4.5,9.5],"texture":"#2"},"west":{"uv":[4.5,7.75,4.875,9.625],"texture":"#2"},"up":{"uv":[3.5,10.375,3.125,10],"texture":"#2"},"down":{"uv":[6.25,10,5.875,10.375],"texture":"#2"}}},{"from":[13,1.3,0],"to":[16,16.3,3],"rotation":{"angle":0,"axis":"y","origin":[8,20.9,8]},"faces":{"north":{"uv":[1.25,5.75,1.625,7.625],"texture":"#2"},"east":{"uv":[2.625,7.5,3,9.375],"texture":"#2"},"south":{"uv":[3,7.5,3.375,9.375],"texture":"#2"},"west":{"uv":[2,7.625,2.375,9.5],"texture":"#2"},"up":{"uv":[1,10.25,0.625,9.875],"texture":"#2"},"down":{"uv":[2.625,10,2.25,10.375],"texture":"#2"}}},{"from":[-1.25,8.3,-1.25],"to":[0,11.3,17.25],"rotation":{"angle":0,"axis":"y","origin":[-10,20.9,4]},"faces":{"north":{"uv":[10.25,10.125,10.4375,10.5],"texture":"#2"},"east":{"uv":[6.625,5.375,8.9375,5.75],"texture":"#2"},"south":{"uv":[2.25,10.375,2.4375,10.75],"texture":"#2"},"west":{"uv":[5.625,6.625,7.9375,7],"texture":"#2"},"up":{"uv":[7.9375,11.1875,7.75,8.875],"texture":"#2"},"down":{"uv":[8.1875,8.875,8,11.1875],"texture":"#2"}}},{"from":[0,8.3,14.5],"to":[16,11.3,17.25],"rotation":{"angle":0,"axis":"y","origin":[11,20.9,8]},"faces":{"north":{"uv":[6.875,4.25,8.875,4.625],"texture":"#2"},"east":{"uv":[3.5,6.5,3.875,6.875],"texture":"#2"},"south":{"uv":[7.5,0,9.5,0.375],"texture":"#2"},"west":{"uv":[8.25,1.5,8.625,1.875],"texture":"#2"},"up":{"uv":[9.5,0.75,7.5,0.375],"texture":"#2"},"down":{"uv":[2,7.625,0,8],"texture":"#2"}}},{"from":[1,0.55,1],"to":[15,15.3,15],"rotation":{"angle":0,"axis":"y","origin":[8,20.9,8]},"faces":{"north":{"uv":[2.125,0,3.875,1.875],"texture":"#2"},"east":{"uv":[2.125,1.875,3.875,3.75],"texture":"#2"},"south":{"uv":[2.125,3.75,3.875,5.625],"texture":"#2"},"west":{"uv":[3.875,0,5.625,1.875],"texture":"#2"},"up":{"uv":[5.625,3.625,3.875,1.875],"texture":"#2"},"down":{"uv":[5.625,3.625,3.875,5.375],"texture":"#2"}}},{"from":[3.8125,19.8,9.55],"to":[3.8125,23.8,15.55],"rotation":{"angle":-22.5,"axis":"y","origin":[8,19.8,7]},"faces":{"north":{"uv":[0,0,0,0.5],"texture":"#2"},"east":{"uv":[9.375,1.875,10.125,2.375],"texture":"#2"},"south":{"uv":[0,0,0,0.5],"texture":"#2"},"west":{"uv":[9.375,2.375,10.125,2.875],"texture":"#2"},"up":{"uv":[0,0.75,0,0],"texture":"#2"},"down":{"uv":[0,0,0,0.75],"texture":"#2"}}},{"from":[4.6125,21.15,1.875],"to":[4.6125,24.15,6.375],"rotation":{"angle":0,"axis":"y","origin":[8,19.8,7]},"faces":{"north":{"uv":[0,0,0,0.375],"texture":"#2"},"east":{"uv":[9.75,4.875,10.3125,5.25],"texture":"#2"},"south":{"uv":[0,0,0,0.375],"texture":"#2"},"west":{"uv":[6.625,9.75,7.1875,10.125],"texture":"#2"},"up":{"uv":[0,0.5625,0,0],"texture":"#2"},"down":{"uv":[0,0,0,0.5625],"texture":"#2"}}},{"from":[11.3875,21.15,1.875],"to":[11.3875,24.15,6.375],"rotation":{"angle":0,"axis":"y","origin":[8,19.8,7]},"faces":{"north":{"uv":[0,0,0,0.375],"texture":"#2"},"east":{"uv":[9.75,4.125,10.3125,4.5],"texture":"#2"},"south":{"uv":[0,0,0,0.375],"texture":"#2"},"west":{"uv":[9.75,4.5,10.3125,4.875],"texture":"#2"},"up":{"uv":[0,0.5625,0,0],"texture":"#2"},"down":{"uv":[0,0,0,0.5625],"texture":"#2"}}},{"from":[11.3875,21.05,6.5],"to":[11.3875,25.05,11],"rotation":{"angle":0,"axis":"y","origin":[8,19.8,7]},"faces":{"north":{"uv":[0,0,0,0.5],"texture":"#2"},"east":{"uv":[9.375,6.25,9.9375,6.75],"texture":"#2"},"south":{"uv":[0,0,0,0.5],"texture":"#2"},"west":{"uv":[9.5,0,10.0625,0.5],"texture":"#2"},"up":{"uv":[0,0.5625,0,0],"texture":"#2"},"down":{"uv":[0,0,0,0.5625],"texture":"#2"}}},{"from":[12.1875,19.8,9.55],"to":[12.1875,23.8,15.55],"rotation":{"angle":22.5,"axis":"y","origin":[8,19.8,7]},"faces":{"north":{"uv":[0,0,0,0.5],"texture":"#2"},"east":{"uv":[0,9.375,0.75,9.875],"texture":"#2"},"south":{"uv":[0,0,0,0.5],"texture":"#2"},"west":{"uv":[9.375,1.375,10.125,1.875],"texture":"#2"},"up":{"uv":[0,0.75,0,0],"texture":"#2"},"down":{"uv":[0,0,0,0.75],"texture":"#2"}}},{"from":[12.13656,14.07156,6.68236],"to":[12.91206,19.24156,12.32236],"rotation":{"angle":0,"axis":"y","origin":[8,19.8,7]},"faces":{"north":{"uv":[5.75,10.25,5.875,10.875],"texture":"#2"},"east":{"uv":[9,4.125,9.6875,4.75],"texture":"#2"},"south":{"uv":[7.5,10.25,7.625,10.875],"texture":"#2"},"west":{"uv":[9,4.75,9.6875,5.375],"texture":"#2"},"up":{"uv":[5.625,10.9375,5.5,10.25],"texture":"#2"},"down":{"uv":[5.75,10.25,5.625,10.9375],"texture":"#2"}}},{"from":[3.86456,14.07156,11.85236],"to":[12.13656,19.24156,12.32236],"rotation":{"angle":0,"axis":"y","origin":[8,19.8,7]},"faces":{"north":{"uv":[7.875,5.75,8.9375,6.375],"texture":"#2"},"east":{"uv":[3.375,10.375,3.4375,11],"texture":"#2"},"south":{"uv":[0,8,1.0625,8.625],"texture":"#2"},"west":{"uv":[9.25,10.375,9.3125,11],"texture":"#2"},"up":{"uv":[11.3125,5.6875,10.25,5.625],"texture":"#2"},"down":{"uv":[11.4375,5,10.375,5.0625],"texture":"#2"}}},{"from":[3.08906,14.07156,6.68236],"to":[3.86456,19.24156,12.32236],"rotation":{"angle":0,"axis":"y","origin":[8,19.8,7]},"faces":{"north":{"uv":[8,6.375,8.125,7],"texture":"#2"},"east":{"uv":[8.75,3.5,9.4375,4.125],"texture":"#2"},"south":{"uv":[8.5,8.875,8.625,9.5],"texture":"#2"},"west":{"uv":[9,0.75,9.6875,1.375],"texture":"#2"},"up":{"uv":[5.375,10.9375,5.25,10.25],"texture":"#2"},"down":{"uv":[5.5,10.25,5.375,10.9375],"texture":"#2"}}},{"from":[7.9875,17.4,3.525],"to":[7.9875,29.4,17.525],"rotation":{"angle":0,"axis":"y","origin":[8,19.8,7]},"faces":{"north":{"uv":[0,0,0,1.5],"texture":"#2"},"east":{"uv":[0,4.25,1.75,5.75],"texture":"#2"},"south":{"uv":[0,0,0,1.5],"texture":"#2"},"west":{"uv":[3.875,5.375,5.625,6.875],"texture":"#2"},"up":{"uv":[0,1.75,0,0],"texture":"#2"},"down":{"uv":[0,0,0,1.75],"texture":"#2"}}},{"from":[4.01816,14.74236,2.37824],"to":[11.98184,16.72764,4.36352],"rotation":{"angle":0,"axis":"y","origin":[8,20.7,7]},"faces":{"north":{"uv":[9.5,8.75,10.5,9],"texture":"#2"},"east":{"uv":[0.375,10.5,0.625,10.75],"texture":"#2"},"south":{"uv":[9.5,9,10.5,9.25],"texture":"#2"},"west":{"uv":[0.625,10.5,0.875,10.75],"texture":"#2"},"up":{"uv":[10.5,9.5,9.5,9.25],"texture":"#2"},"down":{"uv":[10.5,9.5,9.5,9.75],"texture":"#2"}}},{"from":[4.01816,18.74736,2.57824],"to":[11.98184,20.73264,4.56352],"rotation":{"angle":0,"axis":"y","origin":[8,19.8,7]},"faces":{"north":{"uv":[9.5,5.75,10.5,6],"texture":"#2"},"east":{"uv":[9,10.375,9.25,10.625],"texture":"#2"},"south":{"uv":[9.5,6,10.5,6.25],"texture":"#2"},"west":{"uv":[10.5,0,10.75,0.25],"texture":"#2"},"up":{"uv":[10.5,8.5,9.5,8.25],"texture":"#2"},"down":{"uv":[10.5,8.5,9.5,8.75],"texture":"#2"}}},{"from":[3.6006,18.19834,12.0557],"to":[12.4006,23.69834,12.5557],"rotation":{"angle":0,"axis":"y","origin":[8,19.8,7]},"faces":{"north":{"uv":[4.625,7,5.75,7.6875],"texture":"#2"},"east":{"uv":[7.625,10.25,7.6875,10.9375],"texture":"#2"},"south":{"uv":[5.75,7,6.875,7.6875],"texture":"#2"},"west":{"uv":[2.5,10.375,2.5625,11.0625],"texture":"#2"},"up":{"uv":[11.375,5.4375,10.25,5.375],"texture":"#2"},"down":{"uv":[11.375,5.5,10.25,5.5625],"texture":"#2"}}},{"from":[2.7756,18.19834,6.5557],"to":[3.6006,23.69834,12.5557],"rotation":{"angle":0,"axis":"y","origin":[8,19.8,7]},"faces":{"north":{"uv":[2,10.25,2.125,10.9375],"texture":"#2"},"east":{"uv":[8.625,2.25,9.375,2.9375],"texture":"#2"},"south":{"uv":[2.125,10.25,2.25,10.9375],"texture":"#2"},"west":{"uv":[8.625,6.375,9.375,7.0625],"texture":"#2"},"up":{"uv":[0.25,11,0.125,10.25],"texture":"#2"},"down":{"uv":[0.375,10.25,0.25,11],"texture":"#2"}}},{"from":[12.4006,18.19834,6.5557],"to":[13.2256,23.69834,12.5557],"rotation":{"angle":0,"axis":"y","origin":[8,19.8,7]},"faces":{"north":{"uv":[0.875,10.25,1,10.9375],"texture":"#2"},"east":{"uv":[0,8.625,0.75,9.3125],"texture":"#2"},"south":{"uv":[1.875,10.25,2,10.9375],"texture":"#2"},"west":{"uv":[8.625,1.5,9.375,2.1875],"texture":"#2"},"up":{"uv":[1.75,7.5,1.625,6.75],"texture":"#2"},"down":{"uv":[0.125,10.25,0,11],"texture":"#2"}}},{"from":[4.4256,20.22334,2.1557],"to":[11.5756,21.04834,2.9807],"rotation":{"angle":0,"axis":"y","origin":[8,19.8,7]},"faces":{"north":{"uv":[9.875,8.125,10.75,8.25],"texture":"#2"},"east":{"uv":[2,5.5,2.125,5.625],"texture":"#2"},"south":{"uv":[10.125,0.375,11,0.5],"texture":"#2"},"west":{"uv":[5.5,6.875,5.625,7],"texture":"#2"},"up":{"uv":[11,2.875,10.125,2.75],"texture":"#2"},"down":{"uv":[11,3.75,10.125,3.875],"texture":"#2"}}},{"from":[4.4256,21.04834,2.1557],"to":[11.5756,22.17334,4.3557],"rotation":{"angle":0,"axis":"y","origin":[8,19.8,7]},"faces":{"north":{"uv":[0,7.5,0.875,7.625],"texture":"#2"},"east":{"uv":[1.75,5.5,2,5.625],"texture":"#2"},"south":{"uv":[9.75,5.25,10.625,5.375],"texture":"#2"},"west":{"uv":[7.375,1.875,7.625,2],"texture":"#2"},"up":{"uv":[10.625,1,9.75,0.75],"texture":"#2"},"down":{"uv":[10.625,1,9.75,1.25],"texture":"#2"}}},{"from":[11.5756,20.22334,2.1557],"to":[12.4006,22.17334,4.3557],"rotation":{"angle":0,"axis":"y","origin":[8,19.8,7]},"faces":{"north":{"uv":[2.25,9.5,2.375,9.75],"texture":"#2"},"east":{"uv":[6.125,10.375,6.375,10.625],"texture":"#2"},"south":{"uv":[2.25,9.75,2.375,10],"texture":"#2"},"west":{"uv":[6.375,10.375,6.625,10.625],"texture":"#2"},"up":{"uv":[1.125,10.125,1,9.875],"texture":"#2"},"down":{"uv":[1.375,10.5,1.25,10.75],"texture":"#2"}}},{"from":[4.4256,20.79834,4.3557],"to":[11.5756,22.17334,11.2307],"rotation":{"angle":0,"axis":"y","origin":[8,19.8,7]},"faces":{"north":{"uv":[4.125,10,5,10.1875],"texture":"#2"},"east":{"uv":[5,10,5.875,10.1875],"texture":"#2"},"south":{"uv":[10,6.25,10.875,6.4375],"texture":"#2"},"west":{"uv":[10,6.5,10.875,6.6875],"texture":"#2"},"up":{"uv":[7.75,7.875,6.875,7],"texture":"#2"},"down":{"uv":[8.25,1,7.375,1.875],"texture":"#2"}}},{"from":[4.4256,14.07334,11.0307],"to":[11.5756,22.17334,12.0557],"rotation":{"angle":0,"axis":"y","origin":[8,19.8,7]},"faces":{"north":{"uv":[6.5,1,7.375,2],"texture":"#2"},"east":{"uv":[1.375,10.125,1.5,11.125],"texture":"#2"},"south":{"uv":[2.625,6.5,3.5,7.5],"texture":"#2"},"west":{"uv":[1.5,10.125,1.625,11.125],"texture":"#2"},"up":{"uv":[7.5,6.625,6.625,6.5],"texture":"#2"},"down":{"uv":[5.5,6.875,4.625,7],"texture":"#2"}}},{"from":[11.5756,14.07334,4.3557],"to":[12.4006,22.17334,12.0557],"rotation":{"angle":0,"axis":"y","origin":[8,19.8,7]},"faces":{"north":{"uv":[3.625,10,3.75,11],"texture":"#2"},"east":{"uv":[0,5.75,0.9375,6.75],"texture":"#2"},"south":{"uv":[9.375,10,9.5,11],"texture":"#2"},"west":{"uv":[6.5,0,7.4375,1],"texture":"#2"},"up":{"uv":[8.375,11.0625,8.25,10.125],"texture":"#2"},"down":{"uv":[8.5,10.125,8.375,11.0625],"texture":"#2"}}},{"from":[3.6006,20.22334,2.1557],"to":[4.4256,22.17334,4.3557],"rotation":{"angle":0,"axis":"y","origin":[8,19.8,7]},"faces":{"north":{"uv":[7.875,6.375,8,6.625],"texture":"#2"},"east":{"uv":[1,6.5,1.25,6.75],"texture":"#2"},"south":{"uv":[8.875,4.125,9,4.375],"texture":"#2"},"west":{"uv":[5.875,10.375,6.125,10.625],"texture":"#2"},"up":{"uv":[9,4.625,8.875,4.375],"texture":"#2"},"down":{"uv":[2,9.25,1.875,9.5],"texture":"#2"}}},{"from":[3.6006,21.49834,6.5557],"to":[12.4006,23.69834,12.0557],"rotation":{"angle":0,"axis":"y","origin":[8,19.8,7]},"faces":{"north":{"uv":[9.375,2.875,10.5,3.125],"texture":"#2"},"east":{"uv":[7.5,0.75,8.1875,1],"texture":"#2"},"south":{"uv":[9.375,3.125,10.5,3.375],"texture":"#2"},"west":{"uv":[9.875,7.875,10.5625,8.125],"texture":"#2"},"up":{"uv":[4.625,7.5625,3.5,6.875],"texture":"#2"},"down":{"uv":[8,3.5,6.875,4.1875],"texture":"#2"}}},{"from":[3.6006,14.07334,4.3557],"to":[4.4256,22.17334,12.0557],"rotation":{"angle":0,"axis":"y","origin":[8,19.8,7]},"faces":{"north":{"uv":[1.625,5.75,1.75,6.75],"texture":"#2"},"east":{"uv":[5.625,4.625,6.5625,5.625],"texture":"#2"},"south":{"uv":[3.5,10,3.625,11],"texture":"#2"},"west":{"uv":[5.625,5.625,6.5625,6.625],"texture":"#2"},"up":{"uv":[7.125,11.0625,7,10.125],"texture":"#2"},"down":{"uv":[7.25,10.125,7.125,11.0625],"texture":"#2"}}}],"gui_light":"front","display":{"thirdperson_righthand":{"rotation":[67.5,0,0],"translation":[0,2,-0.25],"scale":[0.24352,0.24352,0.24352]},"thirdperson_lefthand":{"rotation":[67.5,0,0],"translation":[0,2,-0.25],"scale":[0.24352,0.24352,0.24352]},"firstperson_righthand":{"translation":[2.25,2.5,0],"scale":[0.25195,0.25195,0.25195]},"firstperson_lefthand":{"translation":[2.25,2.5,0],"scale":[0.25195,0.25195,0.25195]},"ground":{"translation":[0,6,0],"scale":[0.5,0.5,0.5]},"gui":{"rotation":[30,135,0],"translation":[0,-1,0],"scale":[0.51047,0.51047,0.51047]},"head":{"rotation":[0,180,0],"translation":[0,-30.44,0],"scale":[1.6,1.6,1.6]},"fixed":{"rotation":[-90,0,0],"translation":[0,0,-15.75],"scale":[2,2,2]}},"mcmodels":"bf91d15a07dea466f872db76bbb6b769"}