{"credit":"MadewithBlockbench","texture_size":[64,64],"textures":{"1":"elitecreatures:carnivoret_weapon_set/scythe","particle":"elitecreatures:carnivoret_weapon_set/scythe"},"elements":[{"from":[7.125,-0.275,7.125],"to":[8.875,0.975,8.875],"rotation":{"angle":0,"axis":"y","origin":[8,0.10821,8]},"faces":{"north":{"uv":[8,8.75,8.5,9.125],"texture":"#1"},"east":{"uv":[0,9,0.5,9.375],"texture":"#1"},"south":{"uv":[5.75,9,6.25,9.375],"texture":"#1"},"west":{"uv":[6.25,9,6.75,9.375],"texture":"#1"},"up":{"uv":[2.5,8.75,2,8.25],"texture":"#1"},"down":{"uv":[3,8.25,2.5,8.75],"texture":"#1"}}},{"from":[7.325,0.77141,6.29187],"to":[8.675,3.92141,7.64187],"rotation":{"angle":-22.5,"axis":"x","origin":[8,3.83959,7.9]},"faces":{"north":{"uv":[5.5,8,5.875,8.75],"texture":"#1"},"east":{"uv":[8,7.25,8.375,8],"texture":"#1"},"south":{"uv":[8,8,8.375,8.75],"texture":"#1"},"west":{"uv":[0,8.25,0.375,9],"texture":"#1"},"up":{"uv":[0.625,9.875,0.25,9.5],"texture":"#1"},"down":{"uv":[1.125,9.5,0.75,9.875],"texture":"#1"}}},{"from":[7.325,4.52744,7.08861],"to":[8.675,7.87744,8.43861],"rotation":{"angle":-22.5,"axis":"x","origin":[8,7.79562,8.69674]},"faces":{"north":{"uv":[5,7,5.375,7.875],"texture":"#1"},"east":{"uv":[5.5,7,5.875,7.875],"texture":"#1"},"south":{"uv":[7.25,5.5,7.625,6.375],"texture":"#1"},"west":{"uv":[7.25,6.5,7.625,7.375],"texture":"#1"},"up":{"uv":[9.875,4.375,9.5,4],"texture":"#1"},"down":{"uv":[9.875,4.5,9.5,4.875],"texture":"#1"}}},{"from":[7.325,2.57477,8.78992],"to":[8.675,4.14977,11.03992],"rotation":{"angle":-22.5,"axis":"x","origin":[8,1.06795,9.04805]},"faces":{"north":{"uv":[9.5,3,9.875,3.375],"texture":"#1"},"east":{"uv":[8.5,8,9.125,8.375],"texture":"#1"},"south":{"uv":[9.5,3.5,9.875,3.875],"texture":"#1"},"west":{"uv":[8.5,8.5,9.125,8.875],"texture":"#1"},"up":{"uv":[0.875,9.375,0.5,8.75],"texture":"#1"},"down":{"uv":[1.375,8.75,1,9.375],"texture":"#1"}}},{"from":[7,-0.81276,7.42097],"to":[9,0.68724,8.92097],"rotation":{"angle":45,"axis":"x","origin":[8,0.10821,8]},"faces":{"north":{"uv":[6.75,9,7.25,9.375],"texture":"#1"},"east":{"uv":[9.5,2,9.875,2.375],"texture":"#1"},"south":{"uv":[9,7,9.5,7.375],"texture":"#1"},"west":{"uv":[9.5,2.5,9.875,2.875],"texture":"#1"},"up":{"uv":[7.75,9.375,7.25,9],"texture":"#1"},"down":{"uv":[9.5,7.5,9,7.875],"texture":"#1"}}},{"from":[7.125,-6.375,7.125],"to":[8.875,-5.125,8.875],"rotation":{"angle":0,"axis":"y","origin":[8,-5.99179,8]},"faces":{"north":{"uv":[8,8.75,8.5,9.125],"texture":"#1"},"east":{"uv":[0,9,0.5,9.375],"texture":"#1"},"south":{"uv":[5.75,9,6.25,9.375],"texture":"#1"},"west":{"uv":[6.25,9,6.75,9.375],"texture":"#1"},"up":{"uv":[2.5,8.75,2,8.25],"texture":"#1"},"down":{"uv":[3,8.25,2.5,8.75],"texture":"#1"}}},{"from":[7,-6.91276,7.42097],"to":[9,-5.41276,8.92097],"rotation":{"angle":45,"axis":"x","origin":[8,-5.99179,8]},"faces":{"north":{"uv":[6.75,9,7.25,9.375],"texture":"#1"},"east":{"uv":[9.5,2,9.875,2.375],"texture":"#1"},"south":{"uv":[9,7,9.5,7.375],"texture":"#1"},"west":{"uv":[9.5,2.5,9.875,2.875],"texture":"#1"},"up":{"uv":[7.75,9.375,7.25,9],"texture":"#1"},"down":{"uv":[9.5,7.5,9,7.875],"texture":"#1"}}},{"from":[7.125,5.80314,7.43854],"to":[8.875,7.35314,8.98854],"rotation":{"angle":45,"axis":"x","origin":[8,6.80654,8]},"faces":{"north":{"uv":[9.25,0,9.75,0.375],"texture":"#1"},"east":{"uv":[9.5,7,9.875,7.375],"texture":"#1"},"south":{"uv":[9.25,0.5,9.75,0.875],"texture":"#1"},"west":{"uv":[7.25,9.5,7.625,9.875],"texture":"#1"},"up":{"uv":[9.75,1.375,9.25,1],"texture":"#1"},"down":{"uv":[2,9.25,1.5,9.625],"texture":"#1"}}},{"from":[7.025,6.49404,6.83551],"to":[8.975,7.74404,9.18551],"rotation":{"angle":0,"axis":"y","origin":[8,6.80654,8]},"faces":{"north":{"uv":[9.25,1.5,9.75,1.875],"texture":"#1"},"east":{"uv":[8.75,6,9.375,6.375],"texture":"#1"},"south":{"uv":[2,9.25,2.5,9.625],"texture":"#1"},"west":{"uv":[8.75,6.5,9.375,6.875],"texture":"#1"},"up":{"uv":[8.25,7.125,7.75,6.5],"texture":"#1"},"down":{"uv":[5.5,8,5,8.625],"texture":"#1"}}},{"from":[6.775,7.74404,6.58551],"to":[9.225,10.24404,9.43551],"rotation":{"angle":0,"axis":"y","origin":[8,5.05654,8]},"faces":{"north":{"uv":[4.75,6.25,5.375,6.875],"texture":"#1"},"east":{"uv":[4,5.5,4.75,6.125],"texture":"#1"},"south":{"uv":[5.5,6.25,6.125,6.875],"texture":"#1"},"west":{"uv":[4.75,5.5,5.5,6.125],"texture":"#1"},"up":{"uv":[6.125,6.25,5.5,5.5],"texture":"#1"},"down":{"uv":[4.625,6.25,4,7],"texture":"#1"}}},{"from":[6.775,7.74404,4.98551],"to":[9.225,9.24404,6.58551],"rotation":{"angle":0,"axis":"y","origin":[8,5.05654,9.15]},"faces":{"north":{"uv":[1.5,8.75,2.125,9.125],"texture":"#1"},"east":{"uv":[9.5,5.5,9.875,5.875],"texture":"#1"},"south":{"uv":[2.25,8.75,2.875,9.125],"texture":"#1"},"west":{"uv":[5.75,9.5,6.125,9.875],"texture":"#1"},"up":{"uv":[5.625,9.125,5,8.75],"texture":"#1"},"down":{"uv":[9.375,5.5,8.75,5.875],"texture":"#1"}}},{"from":[7.09595,7.10246,5.09511],"to":[8.90405,8.20946,6.97591],"rotation":{"angle":0,"axis":"y","origin":[8,7.32796,5.85751]},"faces":{"north":{"uv":[9.75,0.5,10.25,0.75],"texture":"#1"},"east":{"uv":[9.75,0.75,10.25,1],"texture":"#1"},"south":{"uv":[9.75,1,10.25,1.25],"texture":"#1"},"west":{"uv":[1.25,9.75,1.75,10],"texture":"#1"},"up":{"uv":[3.5,8.75,3,8.25],"texture":"#1"},"down":{"uv":[8.75,6.5,8.25,7],"texture":"#1"}}},{"from":[6.88525,6.41154,5.05751],"to":[9.11475,7.77654,5.05751],"rotation":{"angle":0,"axis":"y","origin":[8,5.68592,8.8472]},"faces":{"north":{"uv":[8.5,9,9,9.375],"texture":"#1"},"east":{"uv":[0,0,0,0.375],"texture":"#1"},"south":{"uv":[9,9,9.5,9.375],"texture":"#1"},"west":{"uv":[0,0,0,0.375],"texture":"#1"},"up":{"uv":[0.5,0,0,0],"texture":"#1"},"down":{"uv":[0.5,0,0,0],"texture":"#1"}}},{"from":[6.88525,6.41154,5.05751],"to":[6.88525,7.77654,6.51351],"rotation":{"angle":0,"axis":"y","origin":[8,5.68592,8.8472]},"faces":{"north":{"uv":[0,0,0,0.375],"texture":"#1"},"east":{"uv":[9.5,6.5,9.875,6.875],"texture":"#1"},"south":{"uv":[0,0,0,0.375],"texture":"#1"},"west":{"uv":[6.75,9.5,7.125,9.875],"texture":"#1"},"up":{"uv":[0,0.375,0,0],"texture":"#1"},"down":{"uv":[0,0,0,0.375],"texture":"#1"}}},{"from":[8.88525,6.41154,5.05751],"to":[9.11475,7.77654,6.51351],"rotation":{"angle":0,"axis":"y","origin":[8,5.68592,8.8472]},"faces":{"north":{"uv":[6.25,10,6.375,10.375],"texture":"#1"},"east":{"uv":[9.5,6,9.875,6.375],"texture":"#1"},"south":{"uv":[10,6.25,10.125,6.625],"texture":"#1"},"west":{"uv":[6.25,9.5,6.625,9.875],"texture":"#1"},"up":{"uv":[6.625,10.375,6.5,10],"texture":"#1"},"down":{"uv":[6.875,10,6.75,10.375],"texture":"#1"}}},{"from":[6.075,8.99404,7.58551],"to":[6.775,11.24404,8.43551],"rotation":{"angle":0,"axis":"y","origin":[6.425,10.11904,8.01051]},"faces":{"north":{"uv":[2.5,10,2.625,10.625],"texture":"#1"},"east":{"uv":[8,9.25,8.25,9.875],"texture":"#1"},"south":{"uv":[10,2.5,10.125,3.125],"texture":"#1"},"west":{"uv":[9.25,8,9.5,8.625],"texture":"#1"},"up":{"uv":[8.125,10.25,8,10],"texture":"#1"},"down":{"uv":[8.375,10,8.25,10.25],"texture":"#1"}}},{"from":[9.225,8.99404,7.58551],"to":[9.925,11.24404,8.43551],"rotation":{"angle":0,"axis":"y","origin":[9.575,10.11904,8.01051]},"faces":{"north":{"uv":[2.75,10,2.875,10.625],"texture":"#1"},"east":{"uv":[8.25,9.25,8.5,9.875],"texture":"#1"},"south":{"uv":[10,3.25,10.125,3.875],"texture":"#1"},"west":{"uv":[0,9.5,0.25,10.125],"texture":"#1"},"up":{"uv":[10.125,8.5,10,8.25],"texture":"#1"},"down":{"uv":[8.625,10,8.5,10.25],"texture":"#1"}}},{"from":[7.425,25.65,5.7],"to":[8.575,26.95,7.7],"rotation":{"angle":0,"axis":"y","origin":[8,23.63694,4.93978]},"faces":{"north":{"uv":[2.25,9.75,2.5,10.125],"texture":"#1"},"east":{"uv":[9.25,5,9.75,5.375],"texture":"#1"},"south":{"uv":[4,9.75,4.25,10.125],"texture":"#1"},"west":{"uv":[5.25,9.25,5.75,9.625],"texture":"#1"},"up":{"uv":[6.25,7.5,6,7],"texture":"#1"},"down":{"uv":[10,1.25,9.75,1.75],"texture":"#1"}}},{"from":[7.45,26.50036,3.15319],"to":[8.55,27.92536,4.55319],"rotation":{"angle":45,"axis":"x","origin":[8,23.63694,4.93978]},"faces":{"north":{"uv":[4.25,9.75,4.5,10.125],"texture":"#1"},"east":{"uv":[9.5,7.5,9.875,7.875],"texture":"#1"},"south":{"uv":[4.5,9.75,4.75,10.125],"texture":"#1"},"west":{"uv":[9.5,8,9.875,8.375],"texture":"#1"},"up":{"uv":[5,10.125,4.75,9.75],"texture":"#1"},"down":{"uv":[10,5,9.75,5.375],"texture":"#1"}}},{"from":[7.45,25.61648,4.03707],"to":[8.55,27.04148,5.43707],"rotation":{"angle":45,"axis":"x","origin":[8,23.63694,4.93978]},"faces":{"north":{"uv":[5.25,9.75,5.5,10.125],"texture":"#1"},"east":{"uv":[8.5,9.5,8.875,9.875],"texture":"#1"},"south":{"uv":[5.5,9.75,5.75,10.125],"texture":"#1"},"west":{"uv":[9.5,8.5,9.875,8.875],"texture":"#1"},"up":{"uv":[8,10.125,7.75,9.75],"texture":"#1"},"down":{"uv":[0.5,10,0.25,10.375],"texture":"#1"}}},{"from":[7.6,22.73748,8.20378],"to":[8.4,23.98748,9.30378],"rotation":{"angle":-45,"axis":"x","origin":[8,23.63694,4.93978]},"faces":{"north":{"uv":[7.75,7.25,8,7.5],"texture":"#1"},"east":{"uv":[8.25,7,8.5,7.25],"texture":"#1"},"south":{"uv":[5.75,8.75,6,9],"texture":"#1"},"west":{"uv":[9.25,8.75,9.5,9],"texture":"#1"},"up":{"uv":[1.5,9.75,1.25,9.5],"texture":"#1"},"down":{"uv":[10,1.75,9.75,2],"texture":"#1"}}},{"from":[7.575,23.13674,7.66161],"to":[8.425,26.08674,8.66161],"rotation":{"angle":0,"axis":"y","origin":[8,23.63694,4.93978]},"faces":{"north":{"uv":[7.75,9,8,9.75],"texture":"#1"},"east":{"uv":[9.25,2,9.5,2.75],"texture":"#1"},"south":{"uv":[2.5,9.25,2.75,10],"texture":"#1"},"west":{"uv":[2.75,9.25,3,10],"texture":"#1"},"up":{"uv":[10.25,4.25,10,4],"texture":"#1"},"down":{"uv":[10.25,4.25,10,4.5],"texture":"#1"}}},{"from":[7.6,25.2268,3.06511],"to":[8.4,26.4768,4.16511],"rotation":{"angle":45,"axis":"x","origin":[8,23.63694,4.93978]},"faces":{"north":{"uv":[5,10,5.25,10.25],"texture":"#1"},"east":{"uv":[10,5,10.25,5.25],"texture":"#1"},"south":{"uv":[10,5.25,10.25,5.5],"texture":"#1"},"west":{"uv":[10,5.5,10.25,5.75],"texture":"#1"},"up":{"uv":[6,10.25,5.75,10],"texture":"#1"},"down":{"uv":[10.25,5.75,10,6],"texture":"#1"}}},{"from":[7.575,23.13674,4.73839],"to":[8.425,26.08674,5.73839],"rotation":{"angle":0,"axis":"y","origin":[8,23.63694,4.93978]},"faces":{"north":{"uv":[9.25,2.75,9.5,3.5],"texture":"#1"},"east":{"uv":[9.25,3.5,9.5,4.25],"texture":"#1"},"south":{"uv":[9.25,4.25,9.5,5],"texture":"#1"},"west":{"uv":[5,9.25,5.25,10],"texture":"#1"},"up":{"uv":[10.25,4.75,10,4.5],"texture":"#1"},"down":{"uv":[10.25,4.75,10,5],"texture":"#1"}}},{"from":[7.95,-15.54296,7.4],"to":[8.05,-4.54296,14.4],"rotation":{"angle":-22.5,"axis":"x","origin":[8,-8.44296,8]},"faces":{"north":{"uv":[4,7,4.125,9.75],"texture":"#1"},"east":{"uv":[0,5.5,1.75,8.25],"texture":"#1"},"south":{"uv":[4.25,7,4.375,9.75],"texture":"#1"},"west":{"uv":[1.75,5.5,3.5,8.25],"texture":"#1"},"up":{"uv":[3.125,10.5,3,8.75],"texture":"#1"},"down":{"uv":[3.375,8.75,3.25,10.5],"texture":"#1"}}},{"from":[7.975,16.27395,-12.74847],"to":[8.025,26.97395,24.15153],"rotation":{"angle":-22.5,"axis":"x","origin":[8,23.63694,4.93978]},"faces":{"north":{"uv":[4.5,7,4.625,9.625],"texture":"#1"},"east":{"uv":[0,0,9.25,2.625],"texture":"#1"},"south":{"uv":[4.75,7,4.875,9.625],"texture":"#1"},"west":{"uv":[0,2.75,9.25,5.375],"texture":"#1"},"up":{"uv":[3.625,14.75,3.5,5.5],"texture":"#1"},"down":{"uv":[3.875,5.5,3.75,14.75],"texture":"#1"}}},{"from":[7.15,14.15,7.15],"to":[8.85,17.65,8.85],"rotation":{"angle":0,"axis":"y","origin":[8,10.75,8]},"faces":{"north":{"uv":[6,7.5,6.375,8.375],"texture":"#1"},"east":{"uv":[6.5,7.5,6.875,8.375],"texture":"#1"},"south":{"uv":[7,7.5,7.375,8.375],"texture":"#1"},"west":{"uv":[7.5,7.5,7.875,8.375],"texture":"#1"},"up":{"uv":[9.375,9.875,9,9.5],"texture":"#1"},"down":{"uv":[9.875,9,9.5,9.375],"texture":"#1"}}},{"from":[7.15,19.15,7.15],"to":[8.85,23.35,8.85],"rotation":{"angle":0,"axis":"y","origin":[8,10.75,8]},"faces":{"north":{"uv":[6.25,5.5,6.625,6.5],"texture":"#1"},"east":{"uv":[6.25,6.5,6.625,7.5],"texture":"#1"},"south":{"uv":[6.75,5.5,7.125,6.5],"texture":"#1"},"west":{"uv":[6.75,6.5,7.125,7.5],"texture":"#1"},"up":{"uv":[9.875,9.875,9.5,9.5],"texture":"#1"},"down":{"uv":[10.125,0,9.75,0.375],"texture":"#1"}}},{"from":[7.75,22.4,4.7],"to":[8.25,23.8,7.5],"rotation":{"angle":0,"axis":"y","origin":[8,23.63694,4.93978]},"faces":{"north":{"uv":[10,6.75,10.125,7.125],"texture":"#1"},"east":{"uv":[0.5,8.25,1.25,8.625],"texture":"#1"},"south":{"uv":[7,10,7.125,10.375],"texture":"#1"},"west":{"uv":[1.25,8.25,2,8.625],"texture":"#1"},"up":{"uv":[10.125,2,10,1.25],"texture":"#1"},"down":{"uv":[1.625,10,1.5,10.75],"texture":"#1"}}},{"from":[7.775,21.53266,1.35728],"to":[8.225,22.83266,4.95728],"rotation":{"angle":-22.5,"axis":"x","origin":[8,22.6696,2.39706]},"faces":{"north":{"uv":[7.25,10,7.375,10.375],"texture":"#1"},"east":{"uv":[7.75,5.5,8.625,5.875],"texture":"#1"},"south":{"uv":[10,7.25,10.125,7.625],"texture":"#1"},"west":{"uv":[7.75,6,8.625,6.375],"texture":"#1"},"up":{"uv":[1.875,10.625,1.75,9.75],"texture":"#1"},"down":{"uv":[2.125,9.75,2,10.625],"texture":"#1"}}},{"from":[7.8,22.11451,0.8015],"to":[8.2,23.11451,2.5015],"rotation":{"angle":22.5,"axis":"x","origin":[8,23.25145,-0.05872]},"faces":{"north":{"uv":[10,8.5,10.125,8.75],"texture":"#1"},"east":{"uv":[10,2,10.375,2.25],"texture":"#1"},"south":{"uv":[8.75,10,8.875,10.25],"texture":"#1"},"west":{"uv":[10,2.25,10.375,2.5],"texture":"#1"},"up":{"uv":[7.625,10.375,7.5,10],"texture":"#1"},"down":{"uv":[10.125,7.75,10,8.125],"texture":"#1"}}},{"from":[7.4,17.65,7.4],"to":[8.6,19.15,8.6],"rotation":{"angle":0,"axis":"y","origin":[8,11.25,8]},"faces":{"north":{"uv":[0.5,10,0.75,10.375],"texture":"#1"},"east":{"uv":[0.75,10,1,10.375],"texture":"#1"},"south":{"uv":[1,10,1.25,10.375],"texture":"#1"},"west":{"uv":[1.25,10,1.5,10.375],"texture":"#1"},"up":{"uv":[6.25,10.25,6,10],"texture":"#1"},"down":{"uv":[10.25,6,10,6.25],"texture":"#1"}}},{"from":[7.15,-5.15,7.15],"to":[8.85,-1.65,8.85],"rotation":{"angle":0,"axis":"y","origin":[8,1.55,8]},"faces":{"north":{"uv":[6,7.5,6.375,8.375],"texture":"#1"},"east":{"uv":[6.5,7.5,6.875,8.375],"texture":"#1"},"south":{"uv":[7,7.5,7.375,8.375],"texture":"#1"},"west":{"uv":[7.5,7.5,7.875,8.375],"texture":"#1"},"up":{"uv":[9.375,9.875,9,9.5],"texture":"#1"},"down":{"uv":[9.875,9,9.5,9.375],"texture":"#1"}}},{"from":[7.15,9.95,7.15],"to":[8.85,14.15,8.85],"rotation":{"angle":0,"axis":"y","origin":[8,1.55,8]},"faces":{"north":{"uv":[6.25,5.5,6.625,6.5],"texture":"#1"},"east":{"uv":[6.25,6.5,6.625,7.5],"texture":"#1"},"south":{"uv":[6.75,5.5,7.125,6.5],"texture":"#1"},"west":{"uv":[6.75,6.5,7.125,7.5],"texture":"#1"},"up":{"uv":[9.875,9.875,9.5,9.5],"texture":"#1"},"down":{"uv":[10.125,0,9.75,0.375],"texture":"#1"}}},{"from":[7.4,-1.65,7.4],"to":[8.6,-0.15,8.6],"rotation":{"angle":0,"axis":"y","origin":[8,2.05,8]},"faces":{"north":{"uv":[0.5,10,0.75,10.375],"texture":"#1"},"east":{"uv":[0.75,10,1,10.375],"texture":"#1"},"south":{"uv":[1,10,1.25,10.375],"texture":"#1"},"west":{"uv":[1.25,10,1.5,10.375],"texture":"#1"},"up":{"uv":[6.25,10.25,6,10],"texture":"#1"},"down":{"uv":[10.25,6,10,6.25],"texture":"#1"}}},{"from":[7,22.8,7],"to":[9,24.8,9],"rotation":{"angle":45,"axis":"x","origin":[8,23.8,8]},"faces":{"north":{"uv":[6,8.5,6.5,9],"texture":"#1"},"east":{"uv":[6.5,8.5,7,9],"texture":"#1"},"south":{"uv":[7,8.5,7.5,9],"texture":"#1"},"west":{"uv":[8.5,7,9,7.5],"texture":"#1"},"up":{"uv":[8,9,7.5,8.5],"texture":"#1"},"down":{"uv":[9,7.5,8.5,8],"texture":"#1"}}}],"gui_light":"front","display":{"thirdperson_righthand":{"translation":[0,1.75,1.75],"scale":[0.8,0.8,0.8]},"thirdperson_lefthand":{"translation":[0,1.75,1.75],"scale":[0.8,0.8,0.8]},"firstperson_righthand":{"rotation":[6,0,0],"translation":[4,4.75,0],"scale":[0.45742,0.45742,0.45742]},"firstperson_lefthand":{"rotation":[6,0,0],"translation":[4,4.75,0],"scale":[0.45742,0.45742,0.45742]},"ground":{"rotation":[-45,0,0],"translation":[0,6,0],"scale":[0.6,0.6,0.6]},"gui":{"rotation":[90,45,-90],"translation":[-2,-1.5,0],"scale":[0.53375,0.53375,0.53375]},"head":{"scale":[0,0,0]},"fixed":{"rotation":[0,-90,0],"translation":[0,0.75,-1.75],"scale":[2,2,2]}},"mcmodels":"bf91d15a07dea466f872db76bbb6b769"}