{
	"textures": {
		"0": "animated_java:blueprint/arcane_core/asciillager",
		"particle": "minecraft:item/pufferfish"
	},
	"display": {
		"head": {
			"rotation": [0, 180, 0]
		}
	},
	"elements": [
		{
			"from": [20, 20, 20],
			"to": [-4, -4, -4],
			"rotation": {
				"angle": 0,
				"axis": "y",
				"origin": [8, 8, 8]
			},
			"faces": {
				"north": {
					"uv": [3.875, 12.79375, 4.75, 15.59375],
					"rotation": 180,
					"texture": "#0"
				},
				"east": {
					"uv": [3.875, 12.79375, 4.75, 15.59375],
					"rotation": 180,
					"texture": "#0"
				},
				"south": {
					"uv": [3.875, 12.79375, 4.75, 15.59375],
					"rotation": 180,
					"texture": "#0"
				},
				"west": {
					"uv": [3.875, 12.79375, 4.75, 15.59375],
					"rotation": 180,
					"texture": "#0"
				},
				"up": {
					"uv": [3.875, 12.79375, 4.75, 15.59375],
					"rotation": 180,
					"texture": "#0"
				},
				"down": {
					"uv": [3.875, 12.79375, 4.75, 15.59375],
					"rotation": 180,
					"texture": "#0"
				}
			}
		}
	]
}