{
	"textures": {
		"0": "block/barrel_bottom",
		"1": "block/barrel_side",
		"2": "block/barrel_top",
		"3": "block/barrel_top_open",
		"particle": "block/barrel_side"
	},
	"elements": [
		{
			"from": [0, 0, 0],
			"to": [16, 16, 16],
			"faces": {
				"north": {"uv": [0, 0, 16, 16], "rotation": 180, "texture": "#1", "cullface": "north"},
				"east": {"uv": [0, 0, 16, 16], "rotation": 180, "texture": "#1", "cullface": "east"},
				"south": {"uv": [0, 0, 16, 16], "rotation": 180, "texture": "#1", "cullface": "south"},
				"west": {"uv": [0, 0, 16, 16], "rotation": 180, "texture": "#1", "cullface": "west"},
				"up": {"uv": [0, 0, 16, 16], "texture": "#0", "cullface": "up"},
				"down": {"uv": [0, 0, 16, 16], "texture": "#3", "cullface": "down"}
			}
		},
		{
			"from": [13.6, -13.6, 1],
			"to": [15.6, 0.4, 15],
			"faces": {
				"north": {"uv": [0, 1, 2, 15], "texture": "#2", "cullface": "down"},
				"east": {"uv": [1, 1, 15, 15], "rotation": 270, "texture": "#2", "cullface": "down"},
				"south": {"uv": [0, 1, 2, 15], "texture": "#2", "cullface": "down"},
				"west": {"uv": [1, 1, 15, 15], "texture": "#0", "cullface": "down"},
				"up": {"uv": [14, 1, 16, 15], "texture": "#2", "cullface": "down"},
				"down": {"uv": [14, 1, 16, 15], "texture": "#2", "cullface": "down"}
			}
		}
	]
}