{"credit":"Made with Blockbench","texture_size":[32,32],"textures":{"0":"elitecreatures:valentines_animated_weapon_and_tool_set_v1/valentine_tex3","1":"elitecreatures:valentines_animated_weapon_and_tool_set_v1/valentine_tex1","2":"elitecreatures:valentines_animated_weapon_and_tool_set_v1/valentine_tex2","3":"elitecreatures:valentines_animated_weapon_and_tool_set_v1/bowfill","4":"elitecreatures:valentines_animated_weapon_and_tool_set_v1/cameralens1","5":"elitecreatures:valentines_animated_weapon_and_tool_set_v1/cloudheart","6":"elitecreatures:valentines_animated_weapon_and_tool_set_v1/valentine_tex6","9":"elitecreatures:valentines_animated_weapon_and_tool_set_v1/valentine_tex4","10":"elitecreatures:valentines_animated_weapon_and_tool_set_v1/valentine_tex7","11":"elitecreatures:valentines_animated_weapon_and_tool_set_v1/battery","12":"elitecreatures:valentines_animated_weapon_and_tool_set_v1/valentine_tex8","particle":"elitecreatures:valentines_animated_weapon_and_tool_set_v1/valentine_tex3"},"elements":[{"from":[9.67687,2.86205,8.51357],"to":[14.67687,4.86205,20.51357],"rotation":{"angle":-45,"axis":"y","origin":[10.59847,3.86205,20]},"faces":{"north":{"uv":[6,3,7,5.5],"rotation":270,"texture":"#0"},"east":{"uv":[7,14,13,15],"texture":"#0"},"south":{"uv":[6,3,7,5.5],"rotation":90,"texture":"#0"},"west":{"uv":[7,14,13,15],"rotation":180,"texture":"#0"},"up":{"uv":[14.5,1,8.5,3.5],"rotation":90,"texture":"#0"},"down":{"uv":[8.5,1,14.5,3.5],"rotation":90,"texture":"#0"}}},{"from":[18.09025,2.96205,11.24041],"to":[21.59025,4.76205,14.74041],"rotation":{"angle":0,"axis":"y","origin":[10.59847,3.86205,20]},"faces":{"north":{"uv":[10.5,10,11.5,11.75],"rotation":270,"texture":"#2"},"east":{"uv":[4.5,13,1,15],"texture":"#3"},"south":{"uv":[10.5,10,11.5,11.75],"rotation":90,"texture":"#2"},"west":{"uv":[1,13,4.5,15],"rotation":180,"texture":"#3"},"up":{"uv":[11.75,13.75,10,15.5],"rotation":90,"texture":"#2"},"down":{"uv":[10,13.75,11.75,15.5],"rotation":90,"texture":"#2"}}},{"from":[7.67687,2.86205,8.51357],"to":[9.67687,4.86205,22.51357],"rotation":{"angle":-45,"axis":"y","origin":[10.59847,3.86205,20]},"faces":{"north":{"uv":[7.5,2,8.5,3],"rotation":270,"texture":"#0"},"east":{"uv":[0,13,7,14],"texture":"#0"},"south":{"uv":[7.5,2,8.5,3],"rotation":90,"texture":"#0"},"west":{"uv":[7,14,14,15],"rotation":180,"texture":"#0"},"up":{"uv":[0,13,7,14],"rotation":90,"texture":"#0"},"down":{"uv":[0,13,7,14],"rotation":90,"texture":"#0"}}},{"from":[17.85,1.96205,10.72582],"to":[19.85,5.76205,13.72582],"rotation":{"angle":-22.5,"axis":"y","origin":[10.59847,3.86205,20]},"faces":{"north":{"uv":[6.5,9,10.5,11],"rotation":270,"texture":"#3"},"east":{"uv":[1,8,4,12],"texture":"#3"},"south":{"uv":[12,9,14,10],"rotation":90,"texture":"#0"},"west":{"uv":[13,11.5,14.5,13.5],"rotation":180,"texture":"#0"},"up":{"uv":[3.5,10,5,11],"rotation":90,"texture":"#0"},"down":{"uv":[5,10,3.5,11],"rotation":90,"texture":"#0"}}},{"from":[14.77687,1.86205,10.51357],"to":[16.77687,5.86205,24.51357],"rotation":{"angle":-45,"axis":"y","origin":[10.59847,3.86205,20]},"faces":{"north":{"uv":[7,15,9,16],"rotation":270,"texture":"#0"},"east":{"uv":[15,6.5,1,2.5],"texture":"#3"},"south":{"uv":[6.5,13,10.5,15],"rotation":90,"texture":"#3"},"west":{"uv":[6.5,0,13.5,2],"rotation":180,"texture":"#2"},"up":{"uv":[16,15,9,16],"rotation":90,"texture":"#0"},"down":{"uv":[9,15,16,16],"rotation":90,"texture":"#0"}}},{"from":[9,3.26205,24.53795],"to":[11,4.46205,25.53795],"rotation":{"angle":0,"axis":"y","origin":[10.59847,3.86205,20]},"faces":{"north":{"uv":[3,10,2.5,11],"rotation":90,"texture":"#0"},"east":{"uv":[2.5,11,2,11.5],"rotation":180,"texture":"#0"},"south":{"uv":[3.5,10.5,3,11.5],"rotation":270,"texture":"#0"},"west":{"uv":[2.5,11,2,11.5],"texture":"#0"},"up":{"uv":[2,10,2.5,11],"rotation":270,"texture":"#0"},"down":{"uv":[2.5,10,2,11],"rotation":270,"texture":"#0"}}},{"from":[14.13263,3.46205,21.64499],"to":[15.13263,4.26205,22.64499],"rotation":{"angle":-45,"axis":"y","origin":[10.59847,3.86205,20]},"faces":{"north":{"uv":[1,10.5,1.5,11],"rotation":180,"texture":"#0"},"east":{"uv":[3,10,3.5,10.5],"rotation":270,"texture":"#0"},"south":{"uv":[1,10.5,1.5,11],"texture":"#0"},"west":{"uv":[0.5,11.5,1,12],"rotation":90,"texture":"#0"},"up":{"uv":[1.5,11,1,11.5],"rotation":180,"texture":"#0"},"down":{"uv":[1,11,1.5,11.5],"texture":"#0"}}},{"from":[8.91614,3.36205,24.21916],"to":[9.91614,4.36205,25.21916],"rotation":{"angle":22.5,"axis":"y","origin":[10.59847,3.86205,20]},"faces":{"north":{"uv":[2,12.5,2.5,13],"rotation":180,"texture":"#0"},"east":{"uv":[3,12,3.5,12.5],"texture":"#0"},"south":{"uv":[2.75,11.5,3.25,12],"texture":"#0"},"west":{"uv":[3,12,3.5,12.5],"rotation":180,"texture":"#0"},"up":{"uv":[2.5,12,2,12.5],"rotation":90,"texture":"#0"},"down":{"uv":[2.5,12,2,12.5],"rotation":270,"texture":"#0"}}},{"from":[9,3.26205,20.23795],"to":[11,4.46205,21.23795],"rotation":{"angle":0,"axis":"y","origin":[10.59847,3.86205,20]},"faces":{"north":{"uv":[2.5,12,3,13],"rotation":90,"texture":"#0"},"east":{"uv":[1.75,11.5,2.25,12],"rotation":180,"texture":"#0"},"south":{"uv":[1.5,12,2,13],"rotation":270,"texture":"#0"},"west":{"uv":[1.75,11.5,2.25,12],"texture":"#0"},"up":{"uv":[1.5,12,1,13],"rotation":270,"texture":"#0"},"down":{"uv":[1,12,1.5,13],"rotation":270,"texture":"#0"}}},{"from":[11.11168,3.36205,20.03991],"to":[12.11168,4.36205,21.03991],"rotation":{"angle":-22.5,"axis":"y","origin":[10.59847,3.86205,20]},"faces":{"north":{"uv":[2.25,11.5,2.75,12],"rotation":90,"texture":"#0"},"east":{"uv":[1.5,11,2,11.5],"rotation":180,"texture":"#0"},"south":{"uv":[1.25,11.5,1.75,12],"rotation":270,"texture":"#0"},"west":{"uv":[1.5,11,2,11.5],"texture":"#0"},"up":{"uv":[2,10.5,1.5,11],"rotation":270,"texture":"#0"},"down":{"uv":[1.5,10.5,2,11],"rotation":270,"texture":"#0"}}},{"from":[12.02553,3.46205,19.43789],"to":[13.02553,4.26205,20.43789],"rotation":{"angle":-45,"axis":"y","origin":[10.59847,3.86205,20]},"faces":{"north":{"uv":[2.5,11,3,11.5],"rotation":270,"texture":"#0"},"east":{"uv":[1.5,10,2,10.5],"texture":"#0"},"south":{"uv":[0.5,12.5,1,13],"rotation":90,"texture":"#0"},"west":{"uv":[1.5,10,2,10.5],"rotation":180,"texture":"#0"},"up":{"uv":[1,12,0.5,12.5],"rotation":90,"texture":"#0"},"down":{"uv":[0.5,12,1,12.5],"rotation":90,"texture":"#0"}}},{"from":[11.7,3.36205,21.33795],"to":[12.7,4.36205,24.33795],"rotation":{"angle":0,"axis":"y","origin":[10.59847,3.86205,20]},"faces":{"north":{"uv":[1,10,1.5,10.5],"rotation":180,"texture":"#0"},"east":{"uv":[0,10,0.5,11.5],"rotation":270,"texture":"#0"},"south":{"uv":[1,10,1.5,10.5],"texture":"#0"},"west":{"uv":[0,11.5,0.5,13],"rotation":90,"texture":"#0"},"up":{"uv":[0.5,10,1,11.5],"rotation":180,"texture":"#0"},"down":{"uv":[1,10,0.5,11.5],"texture":"#0"}}},{"from":[7.5,3.36205,21.33795],"to":[8.5,4.36205,24.33795],"rotation":{"angle":0,"axis":"y","origin":[10.59847,3.86205,20]},"faces":{"north":{"uv":[1.5,10,1,10.5],"rotation":180,"texture":"#0"},"east":{"uv":[0.5,11.5,0,13],"rotation":270,"texture":"#0"},"south":{"uv":[1.5,10,1,10.5],"texture":"#0"},"west":{"uv":[0.5,10,0,11.5],"rotation":90,"texture":"#0"},"up":{"uv":[1,10,0.5,11.5],"rotation":180,"texture":"#0"},"down":{"uv":[0.5,10,1,11.5],"texture":"#0"}}},{"from":[9.33141,3.46205,22.132],"to":[10.33141,4.26205,23.132],"rotation":{"angle":-45,"axis":"y","origin":[10.59847,3.86205,20]},"faces":{"north":{"uv":[2,10,1.5,10.5],"rotation":180,"texture":"#0"},"east":{"uv":[1,12.5,0.5,13],"rotation":270,"texture":"#0"},"south":{"uv":[2,10,1.5,10.5],"texture":"#0"},"west":{"uv":[3,11,2.5,11.5],"rotation":90,"texture":"#0"},"up":{"uv":[0.5,12,1,12.5],"rotation":180,"texture":"#0"},"down":{"uv":[1,12,0.5,12.5],"texture":"#0"}}},{"from":[8.16421,3.36205,19.6584],"to":[9.16421,4.36205,20.6584],"rotation":{"angle":22.5,"axis":"y","origin":[10.59847,3.86205,20]},"faces":{"north":{"uv":[2.25,12,2.75,11.5],"rotation":90,"texture":"#0"},"east":{"uv":[1.5,11.5,2,11],"rotation":180,"texture":"#0"},"south":{"uv":[1.25,12,1.75,11.5],"rotation":270,"texture":"#0"},"west":{"uv":[1.5,11.5,2,11],"texture":"#0"},"up":{"uv":[2,11,1.5,10.5],"rotation":270,"texture":"#0"},"down":{"uv":[1.5,11,2,10.5],"rotation":270,"texture":"#0"}}},{"from":[10.35974,3.36205,24.60067],"to":[11.35974,4.36205,25.60067],"rotation":{"angle":-22.5,"axis":"y","origin":[10.59847,3.86205,20]},"faces":{"north":{"uv":[2.5,12.5,2,13],"rotation":180,"texture":"#0"},"east":{"uv":[3,12.5,3.5,12],"texture":"#0"},"south":{"uv":[3.25,11.5,2.75,12],"texture":"#0"},"west":{"uv":[3,12.5,3.5,12],"rotation":180,"texture":"#0"},"up":{"uv":[2.5,12.5,2,12],"rotation":90,"texture":"#0"},"down":{"uv":[2.5,12.5,2,12],"rotation":270,"texture":"#0"}}},{"from":[8,3.86205,20.63795],"to":[12.5,3.86205,25.13795],"rotation":{"angle":0,"axis":"y","origin":[2,11.86205,17.13795]},"faces":{"north":{"uv":[0,0,3,0],"rotation":180,"texture":"#4"},"east":{"uv":[0,6,0,0],"rotation":270,"texture":"#4"},"south":{"uv":[0,0,3,0],"texture":"#4"},"west":{"uv":[0,6,0,0],"rotation":90,"texture":"#4"},"up":{"uv":[1.5,14,6,9.5],"rotation":180,"texture":"#4"},"down":{"uv":[1.5,14,6,9.5],"texture":"#4"}}},{"from":[11.53852,3.46205,24.23911],"to":[12.53852,4.26205,25.23911],"rotation":{"angle":-45,"axis":"y","origin":[10.59847,3.86205,20]},"faces":{"north":{"uv":[1,11.5,0.5,12],"rotation":270,"texture":"#0"},"east":{"uv":[1.5,10.5,1,11],"texture":"#0"},"south":{"uv":[3.5,10,3,10.5],"rotation":90,"texture":"#0"},"west":{"uv":[1.5,10.5,1,11],"rotation":180,"texture":"#0"},"up":{"uv":[1,11,1.5,11.5],"rotation":90,"texture":"#0"},"down":{"uv":[1.5,11,1,11.5],"rotation":90,"texture":"#0"}}},{"from":[16,2.36205,11.23795],"to":[17,7.36205,12.23795],"rotation":{"angle":0,"axis":"y","origin":[-4,11.26205,16.23795]},"faces":{"north":{"uv":[11,7.5,11.5,10],"rotation":180,"texture":"#0"},"east":{"uv":[9.5,7,12,6.5],"rotation":270,"texture":"#0"},"south":{"uv":[6.5,10.5,7,13],"rotation":180,"texture":"#0"},"west":{"uv":[9.5,6.5,12,7],"rotation":270,"texture":"#0"},"up":{"uv":[6.25,9.5,7.25,10],"rotation":90,"texture":"#0"},"down":{"uv":[6.25,9.5,7.25,10],"rotation":90,"texture":"#0"}}},{"from":[17,2.36205,5.23795],"to":[20,7.36205,11.23795],"rotation":{"angle":0,"axis":"y","origin":[-4,11.26205,16.23795]},"faces":{"north":{"uv":[10.5,10,9,12.5],"rotation":180,"texture":"#0"},"east":{"uv":[7.5,7.5,10.5,10],"rotation":180,"texture":"#0"},"south":{"uv":[9,10,10.5,12.5],"rotation":180,"texture":"#0"},"west":{"uv":[12,6.5,15,9],"rotation":180,"texture":"#0"},"up":{"uv":[7.5,10,9,13],"texture":"#0"},"down":{"uv":[7.5,10,9,13],"texture":"#0"}}},{"from":[-5.4,-2.2,7.7],"to":[0.6,3.8,8.4],"rotation":{"angle":0,"axis":"y","origin":[9.6,-7.2,8.05]},"faces":{"north":{"uv":[0,13,3,16],"rotation":180,"texture":"#9"},"east":{"uv":[3,13,3.5,16],"rotation":180,"texture":"#9"},"south":{"uv":[3,13,0,16],"rotation":180,"texture":"#9"},"west":{"uv":[0,12.5,3,13],"rotation":90,"texture":"#9"},"up":{"uv":[0,13,3,12.5],"texture":"#9"},"down":{"uv":[3,13,3.5,16],"rotation":90,"texture":"#9"}}},{"from":[20,3.46205,6.23795],"to":[21,6.46205,10.23795],"rotation":{"angle":0,"axis":"y","origin":[-4,11.26205,16.23795]},"faces":{"north":{"uv":[13,10,13.5,11.5],"rotation":180,"texture":"#0"},"east":{"uv":[11,10,13,11.5],"rotation":180,"texture":"#0"},"south":{"uv":[13.5,10,13,11.5],"rotation":180,"texture":"#0"},"west":{"uv":[11,10,13,11.5],"rotation":180,"texture":"#0"},"up":{"uv":[11,11.5,11.5,13.5],"texture":"#0"},"down":{"uv":[11,11.5,11.5,13.5],"texture":"#0"}}},{"from":[16,7.36205,5.23795],"to":[17,8.36205,11.23795],"rotation":{"angle":0,"axis":"y","origin":[-4,-4.73795,16.23795]},"faces":{"north":{"uv":[7.5,13.5,8,13],"rotation":180,"texture":"#0"},"east":{"uv":[7.5,10.5,7,13.5],"rotation":270,"texture":"#0"},"south":{"uv":[7.5,13.5,8,13],"rotation":180,"texture":"#0"},"west":{"uv":[7.5,10.5,7,13.5],"rotation":270,"texture":"#0"},"up":{"uv":[10.5,10.5,11,7.5],"texture":"#0"},"down":{"uv":[10.5,13.5,11,10.5],"texture":"#0"}}},{"from":[16,2.36205,4.23795],"to":[17,7.36205,5.23795],"rotation":{"angle":0,"axis":"y","origin":[-4,11.26205,0.23795]},"faces":{"north":{"uv":[7,10.5,6.5,13],"rotation":180,"texture":"#0"},"east":{"uv":[9.5,6.5,12,7],"rotation":270,"texture":"#0"},"south":{"uv":[12,7.5,11.5,10],"rotation":180,"texture":"#0"},"west":{"uv":[9.5,7,12,6.5],"rotation":270,"texture":"#0"},"up":{"uv":[7.25,9.5,6.25,10],"rotation":90,"texture":"#0"},"down":{"uv":[7.25,9.5,6.25,10],"rotation":90,"texture":"#0"}}},{"from":[16,1.36205,5.23795],"to":[17,2.36205,11.23795],"rotation":{"angle":0,"axis":"y","origin":[-4,11.26205,16.23795]},"faces":{"north":{"uv":[7.5,13,8,13.5],"rotation":180,"texture":"#0"},"east":{"uv":[7,10.5,7.5,13.5],"rotation":270,"texture":"#0"},"south":{"uv":[7.5,13,8,13.5],"rotation":180,"texture":"#0"},"west":{"uv":[7,10.5,7.5,13.5],"rotation":270,"texture":"#0"},"up":{"uv":[10.5,10.5,11,13.5],"texture":"#0"},"down":{"uv":[10.5,7.5,11,10.5],"texture":"#0"}}},{"from":[15.45314,5.61331,4.13607],"to":[17.45314,6.61331,5.13607],"rotation":{"angle":0,"axis":"y","origin":[17.60188,6.11331,5.23795]},"faces":{"north":{"uv":[5.5,4.5,6.5,5],"texture":"#1"},"east":{"uv":[5.5,3.5,6,4],"rotation":90,"texture":"#1"},"south":{"uv":[5.5,4,6.5,4.5],"rotation":180,"texture":"#1"},"west":{"uv":[5.5,3.5,6,4],"rotation":270,"texture":"#1"},"up":{"uv":[1,7.5,2,8],"rotation":180,"texture":"#1"},"down":{"uv":[1,8,2,7.5],"rotation":180,"texture":"#1"}}},{"from":[17.07219,5.71331,4.23015],"to":[18.07219,6.51331,5.23015],"rotation":{"angle":-22.5,"axis":"y","origin":[17.60188,6.11331,5.23795]},"faces":{"north":{"uv":[5,1,5.5,1.5],"rotation":270,"texture":"#1"},"east":{"uv":[5,2.5,5.5,3],"texture":"#1"},"south":{"uv":[5,1.5,5.5,2],"rotation":90,"texture":"#1"},"west":{"uv":[5,3,5.5,3.5],"rotation":180,"texture":"#1"},"up":{"uv":[5,2,5.5,2.5],"rotation":90,"texture":"#1"},"down":{"uv":[5.5,2,5,2.5],"rotation":90,"texture":"#1"}}},{"from":[17.61756,3.41331,4.17109],"to":[18.61756,4.01331,5.17109],"rotation":{"angle":-45,"axis":"y","origin":[17.60188,3.71331,5.23795]},"faces":{"north":{"uv":[5.25,3.5,5.5,4],"rotation":270,"texture":"#1"},"east":{"uv":[5,4.5,5.5,4.75],"texture":"#1"},"south":{"uv":[5,3.5,5.25,4],"rotation":90,"texture":"#1"},"west":{"uv":[5,4.75,5.5,5],"rotation":180,"texture":"#1"},"up":{"uv":[5,4,5.5,4.5],"rotation":90,"texture":"#1"},"down":{"uv":[5.5,4,5,4.5],"rotation":90,"texture":"#1"}}},{"from":[17.07219,3.31331,4.23015],"to":[18.07219,4.11331,5.23015],"rotation":{"angle":-22.5,"axis":"y","origin":[17.60188,3.71331,5.23795]},"faces":{"north":{"uv":[5,1,5.5,1.5],"rotation":270,"texture":"#1"},"east":{"uv":[5,2.5,5.5,3],"texture":"#1"},"south":{"uv":[5,1.5,5.5,2],"rotation":90,"texture":"#1"},"west":{"uv":[5,3,5.5,3.5],"rotation":180,"texture":"#1"},"up":{"uv":[5,2,5.5,2.5],"rotation":90,"texture":"#1"},"down":{"uv":[5.5,2,5,2.5],"rotation":90,"texture":"#1"}}},{"from":[15.45314,3.21331,4.13607],"to":[17.45314,4.21331,5.13607],"rotation":{"angle":0,"axis":"y","origin":[17.60188,3.71331,5.23795]},"faces":{"north":{"uv":[5.5,4.5,6.5,5],"texture":"#1"},"east":{"uv":[5.5,3.5,6,4],"rotation":90,"texture":"#1"},"south":{"uv":[5.5,4,6.5,4.5],"rotation":180,"texture":"#1"},"west":{"uv":[5.5,3.5,6,4],"rotation":270,"texture":"#1"},"up":{"uv":[1,7.5,2,8],"rotation":180,"texture":"#1"},"down":{"uv":[1,8,2,7.5],"rotation":180,"texture":"#1"}}},{"from":[17.61756,5.81331,4.17109],"to":[18.61756,6.41331,5.17109],"rotation":{"angle":-45,"axis":"y","origin":[17.60188,6.11331,5.23795]},"faces":{"north":{"uv":[5.25,3.5,5.5,4],"rotation":270,"texture":"#1"},"east":{"uv":[5,4.5,5.5,4.75],"texture":"#1"},"south":{"uv":[5,3.5,5.25,4],"rotation":90,"texture":"#1"},"west":{"uv":[5,4.75,5.5,5],"rotation":180,"texture":"#1"},"up":{"uv":[5,4,5.5,4.5],"rotation":90,"texture":"#1"},"down":{"uv":[5.5,4,5,4.5],"rotation":90,"texture":"#1"}}},{"from":[15.45314,5.61331,11.33983],"to":[17.45314,6.61331,12.33983],"rotation":{"angle":0,"axis":"y","origin":[17.60188,6.11331,11.23795]},"faces":{"north":{"uv":[6.5,4,5.5,4.5],"rotation":180,"texture":"#1"},"east":{"uv":[5.5,4,6,3.5],"rotation":90,"texture":"#1"},"south":{"uv":[6.5,4.5,5.5,5],"texture":"#1"},"west":{"uv":[5.5,4,6,3.5],"rotation":270,"texture":"#1"},"up":{"uv":[1,8,2,7.5],"rotation":180,"texture":"#1"},"down":{"uv":[1,7.5,2,8],"rotation":180,"texture":"#1"}}},{"from":[17.07219,5.71331,11.24575],"to":[18.07219,6.51331,12.24575],"rotation":{"angle":22.5,"axis":"y","origin":[17.60188,6.11331,11.23795]},"faces":{"north":{"uv":[5,2,5.5,1.5],"rotation":90,"texture":"#1"},"east":{"uv":[5.5,2.5,5,3],"texture":"#1"},"south":{"uv":[5,1.5,5.5,1],"rotation":270,"texture":"#1"},"west":{"uv":[5.5,3,5,3.5],"rotation":180,"texture":"#1"},"up":{"uv":[5.5,2,5,2.5],"rotation":90,"texture":"#1"},"down":{"uv":[5,2,5.5,2.5],"rotation":90,"texture":"#1"}}},{"from":[17.61756,3.41331,11.30481],"to":[18.61756,4.01331,12.30481],"rotation":{"angle":45,"axis":"y","origin":[17.60188,3.71331,11.23795]},"faces":{"north":{"uv":[5,4,5.25,3.5],"rotation":90,"texture":"#1"},"east":{"uv":[5.5,4.5,5,4.75],"texture":"#1"},"south":{"uv":[5.25,4,5.5,3.5],"rotation":270,"texture":"#1"},"west":{"uv":[5.5,4.75,5,5],"rotation":180,"texture":"#1"},"up":{"uv":[5.5,4,5,4.5],"rotation":90,"texture":"#1"},"down":{"uv":[5,4,5.5,4.5],"rotation":90,"texture":"#1"}}},{"from":[17.07219,3.31331,11.24575],"to":[18.07219,4.11331,12.24575],"rotation":{"angle":22.5,"axis":"y","origin":[17.60188,3.71331,11.23795]},"faces":{"north":{"uv":[5,2,5.5,1.5],"rotation":90,"texture":"#1"},"east":{"uv":[5.5,2.5,5,3],"texture":"#1"},"south":{"uv":[5,1.5,5.5,1],"rotation":270,"texture":"#1"},"west":{"uv":[5.5,3,5,3.5],"rotation":180,"texture":"#1"},"up":{"uv":[5.5,2,5,2.5],"rotation":90,"texture":"#1"},"down":{"uv":[5,2,5.5,2.5],"rotation":90,"texture":"#1"}}},{"from":[15.45314,3.21331,11.33983],"to":[17.45314,4.21331,12.33983],"rotation":{"angle":0,"axis":"y","origin":[17.60188,3.71331,11.23795]},"faces":{"north":{"uv":[6.5,4,5.5,4.5],"rotation":180,"texture":"#1"},"east":{"uv":[5.5,4,6,3.5],"rotation":90,"texture":"#1"},"south":{"uv":[6.5,4.5,5.5,5],"texture":"#1"},"west":{"uv":[5.5,4,6,3.5],"rotation":270,"texture":"#1"},"up":{"uv":[1,8,2,7.5],"rotation":180,"texture":"#1"},"down":{"uv":[1,7.5,2,8],"rotation":180,"texture":"#1"}}},{"from":[17.61756,5.81331,11.30481],"to":[18.61756,6.41331,12.30481],"rotation":{"angle":45,"axis":"y","origin":[17.60188,6.11331,11.23795]},"faces":{"north":{"uv":[5,4,5.25,3.5],"rotation":90,"texture":"#1"},"east":{"uv":[5.5,4.5,5,4.75],"texture":"#1"},"south":{"uv":[5.25,4,5.5,3.5],"rotation":270,"texture":"#1"},"west":{"uv":[5.5,4.75,5,5],"rotation":180,"texture":"#1"},"up":{"uv":[5.5,4,5,4.5],"rotation":90,"texture":"#1"},"down":{"uv":[5,4,5.5,4.5],"rotation":90,"texture":"#1"}}},{"from":[9,0,6.2],"to":[16,3,10.2],"rotation":{"angle":0,"axis":"y","origin":[-2,0,0]},"faces":{"north":{"uv":[5,13,8.5,14.5],"texture":"#9"},"east":{"uv":[14,8,16,9.5],"texture":"#9"},"south":{"uv":[8.5,13,5,14.5],"texture":"#9"},"west":{"uv":[14,8,16,9.5],"texture":"#9"},"up":{"uv":[11,4.25,13,7.75],"rotation":90,"texture":"#9"},"down":{"uv":[11,4.25,13,7.75],"rotation":90,"texture":"#9"}}},{"from":[-3,5,9],"to":[5,7,10],"rotation":{"angle":0,"axis":"y","origin":[-2,0,0]},"faces":{"north":{"uv":[0,13.5,4,14.5],"texture":"#12"},"east":{"uv":[4,13.5,4.5,14.5],"texture":"#12"},"south":{"uv":[0,13.5,4,14.5],"texture":"#12"},"west":{"uv":[4,13.5,4.5,14.5],"texture":"#12"},"up":{"uv":[0,13,4,13.5],"texture":"#12"},"down":{"uv":[0,13,4,13.5],"texture":"#12"}}},{"from":[-3,5,6],"to":[5,7,7],"rotation":{"angle":0,"axis":"y","origin":[-2,0,16]},"faces":{"north":{"uv":[4,13.5,0,14.5],"texture":"#12"},"east":{"uv":[4.5,13.5,4,14.5],"texture":"#12"},"south":{"uv":[4,13.5,0,14.5],"texture":"#12"},"west":{"uv":[4.5,13.5,4,14.5],"texture":"#12"},"up":{"uv":[0,13.5,4,13],"texture":"#12"},"down":{"uv":[0,13.5,4,13],"texture":"#12"}}},{"from":[-14,-3.7,6.2],"to":[-11,-1.7,10.6],"rotation":{"angle":45,"axis":"z","origin":[-6.9,4.8,8.4]},"faces":{"north":{"uv":[13,13,14,14.5],"rotation":90,"texture":"#12"},"east":{"uv":[12,12,14.25,11],"rotation":180,"texture":"#12"},"south":{"uv":[14,13,13,14.5],"rotation":270,"texture":"#12"},"west":{"uv":[12,11,14.25,12],"texture":"#12"},"up":{"uv":[14.5,10.75,16,13],"rotation":180,"texture":"#12"},"down":{"uv":[16,13,14.5,10.75],"texture":"#12"}}},{"from":[-5,0,6.2],"to":[9,5,10.2],"rotation":{"angle":0,"axis":"y","origin":[-2,16,0]},"faces":{"north":{"uv":[0,4.5,7,2],"texture":"#10"},"east":{"uv":[7,2.5,9,0],"texture":"#10"},"south":{"uv":[7,4.5,0,2],"texture":"#10"},"west":{"uv":[7,2.5,9,0],"texture":"#10"},"up":{"uv":[0,6.5,7,4.5],"texture":"#10"},"down":{"uv":[7,0,0,2],"texture":"#10"}}},{"from":[-11,-4,6.5],"to":[-8,-2,10.3],"rotation":{"angle":22.5,"axis":"z","origin":[-6.9,4.8,8.4]},"faces":{"north":{"uv":[13,13,12,14.5],"rotation":90,"texture":"#12"},"east":{"uv":[14,13.6,15,15.6],"rotation":90,"texture":"#12"},"south":{"uv":[12,13,13,14.5],"rotation":270,"texture":"#12"},"west":{"uv":[14,13.6,15,15.6],"rotation":90,"texture":"#12"},"up":{"uv":[12,14.5,14,16],"rotation":270,"texture":"#12"},"down":{"uv":[12,14.5,14,16],"rotation":270,"texture":"#12"}}},{"from":[-9,-1,6.2],"to":[-5,4,10.2],"rotation":{"angle":0,"axis":"y","origin":[1,-7,0.2]},"faces":{"north":{"uv":[10,5.5,6,10.5],"texture":"#11"},"east":{"uv":[2,2.5,4,5],"texture":"#1"},"south":{"uv":[6,5.5,10,10.5],"texture":"#11"},"west":{"uv":[2,0,4,2.5],"texture":"#1"},"up":{"uv":[10,4.5,8,2.5],"texture":"#1"},"down":{"uv":[10,2.5,8,4.5],"texture":"#1"}}},{"from":[-10,-3,5.2],"to":[-4,-2,11.2],"rotation":{"angle":0,"axis":"y","origin":[1,-7,0.2]},"faces":{"north":{"uv":[0.5,8,1,5],"rotation":90,"texture":"#1"},"east":{"uv":[0,8,0.5,5],"rotation":90,"texture":"#1"},"south":{"uv":[0.5,8,1,5],"rotation":90,"texture":"#1"},"west":{"uv":[0,8,0.5,5],"rotation":90,"texture":"#1"},"up":{"uv":[5,8,2,5],"rotation":90,"texture":"#1"},"down":{"uv":[8,5,5,8],"rotation":270,"texture":"#1"}}},{"from":[-9.5,-2,5.7],"to":[-4.5,-1,10.7],"rotation":{"angle":0,"axis":"y","origin":[1,-7,0.2]},"faces":{"north":{"uv":[1,2.5,1.5,0],"rotation":90,"texture":"#1"},"east":{"uv":[1.5,2.5,2,0],"rotation":90,"texture":"#1"},"south":{"uv":[1,2.5,1.5,0],"rotation":90,"texture":"#1"},"west":{"uv":[1.5,2.5,2,0],"rotation":90,"texture":"#1"},"up":{"uv":[8,3.5,5.5,1],"rotation":90,"texture":"#1"},"down":{"uv":[8,1,5.5,3.5],"rotation":270,"texture":"#1"}}},{"from":[-10.5,-2,6.7],"to":[-9.5,0,7.7],"rotation":{"angle":0,"axis":"y","origin":[0.5,8.6,15.2]},"faces":{"north":{"uv":[1,8,2,7.5],"rotation":90,"texture":"#1"},"east":{"uv":[5.5,4,6.5,4.5],"rotation":90,"texture":"#1"},"south":{"uv":[1,7.5,2,8],"rotation":90,"texture":"#1"},"west":{"uv":[5.5,4.5,6.5,5],"rotation":90,"texture":"#1"},"up":{"uv":[5.5,3.5,6,4],"rotation":270,"texture":"#1"},"down":{"uv":[5.5,3.5,6,4],"rotation":270,"texture":"#1"}}},{"from":[-10.7,-0.2,6.8],"to":[-9.7,0.8,7.6],"rotation":{"angle":-22.5,"axis":"z","origin":[-10,-0.5,7.2]},"faces":{"north":{"uv":[5.5,2,5,2.5],"texture":"#1"},"east":{"uv":[5,1.5,5.5,2],"texture":"#1"},"south":{"uv":[5,2,5.5,2.5],"texture":"#1"},"west":{"uv":[5,1,5.5,1.5],"texture":"#1"},"up":{"uv":[5,2.5,5.5,3],"rotation":180,"texture":"#1"},"down":{"uv":[5,3,5.5,3.5],"rotation":180,"texture":"#1"}}},{"from":[-10.5,-2,8.7],"to":[-9.5,0,9.7],"rotation":{"angle":0,"axis":"y","origin":[0.5,8.6,17.2]},"faces":{"north":{"uv":[1,8,2,7.5],"rotation":90,"texture":"#1"},"east":{"uv":[5.5,4,6.5,4.5],"rotation":90,"texture":"#1"},"south":{"uv":[1,7.5,2,8],"rotation":90,"texture":"#1"},"west":{"uv":[5.5,4.5,6.5,5],"rotation":90,"texture":"#1"},"up":{"uv":[5.5,3.5,6,4],"rotation":270,"texture":"#1"},"down":{"uv":[5.5,3.5,6,4],"rotation":270,"texture":"#1"}}},{"from":[-10.7,-0.2,8.8],"to":[-9.7,0.8,9.6],"rotation":{"angle":-22.5,"axis":"z","origin":[-10,-0.5,9.2]},"faces":{"north":{"uv":[5.5,2,5,2.5],"texture":"#1"},"east":{"uv":[5,1.5,5.5,2],"texture":"#1"},"south":{"uv":[5,2,5.5,2.5],"texture":"#1"},"west":{"uv":[5,1,5.5,1.5],"texture":"#1"},"up":{"uv":[5,2.5,5.5,3],"rotation":180,"texture":"#1"},"down":{"uv":[5,3,5.5,3.5],"rotation":180,"texture":"#1"}}},{"from":[-11.1,0.4,6.9],"to":[-10.1,1.4,7.5],"rotation":{"angle":-45,"axis":"z","origin":[-10,-0.5,7.2]},"faces":{"north":{"uv":[5.5,4,5,4.5],"texture":"#1"},"east":{"uv":[5,3.5,5.25,4],"texture":"#1"},"south":{"uv":[5,4,5.5,4.5],"texture":"#1"},"west":{"uv":[5.25,3.5,5.5,4],"texture":"#1"},"up":{"uv":[5,4.5,5.5,4.75],"rotation":180,"texture":"#1"},"down":{"uv":[5,4.75,5.5,5],"rotation":180,"texture":"#1"}}},{"from":[-11.1,0.4,8.9],"to":[-10.1,1.4,9.5],"rotation":{"angle":-45,"axis":"z","origin":[-10,-0.5,9.2]},"faces":{"north":{"uv":[5.5,4,5,4.5],"texture":"#1"},"east":{"uv":[5,3.5,5.25,4],"texture":"#1"},"south":{"uv":[5,4,5.5,4.5],"texture":"#1"},"west":{"uv":[5.25,3.5,5.5,4],"texture":"#1"},"up":{"uv":[5,4.5,5.5,4.75],"rotation":180,"texture":"#1"},"down":{"uv":[5,4.75,5.5,5],"rotation":180,"texture":"#1"}}},{"from":[-8.7,0.2,8.7],"to":[-7.7,1.2,9.7],"rotation":{"angle":22.5,"axis":"z","origin":[-10,-0.5,9.2]},"faces":{"north":{"uv":[4,4.5,4.5,4],"rotation":90,"texture":"#1"},"east":{"uv":[4.5,4,5,4.5],"rotation":270,"texture":"#1"},"south":{"uv":[4,4,4.5,4.5],"rotation":90,"texture":"#1"},"west":{"uv":[4.5,4,5,4.5],"rotation":270,"texture":"#1"},"up":{"uv":[4.5,4.5,5,5],"rotation":90,"texture":"#1"},"down":{"uv":[4,4.5,4.5,5],"rotation":270,"texture":"#1"}}},{"from":[-8.7,0.2,6.7],"to":[-7.7,1.2,7.7],"rotation":{"angle":22.5,"axis":"z","origin":[-10,-0.5,7.2]},"faces":{"north":{"uv":[4,4.5,4.5,4],"rotation":90,"texture":"#1"},"east":{"uv":[4.5,4,5,4.5],"rotation":270,"texture":"#1"},"south":{"uv":[4,4,4.5,4.5],"rotation":90,"texture":"#1"},"west":{"uv":[4.5,4,5,4.5],"rotation":270,"texture":"#1"},"up":{"uv":[4.5,4.5,5,5],"rotation":90,"texture":"#1"},"down":{"uv":[4,4.5,4.5,5],"rotation":270,"texture":"#1"}}},{"from":[5,0,11],"to":[5,6,23],"faces":{"north":{"uv":[0,0,0,6],"texture":"#5"},"east":{"uv":[12,0,0,6],"texture":"#5"},"south":{"uv":[0,0,0,6],"texture":"#5"},"west":{"uv":[0,0,12,6],"texture":"#5"},"up":{"uv":[0,12,0,0],"rotation":180,"texture":"#5"},"down":{"uv":[0,12,0,0],"rotation":180,"texture":"#5"}}},{"from":[5,0,-7],"to":[5,6,5],"rotation":{"angle":0,"axis":"y","origin":[0,0,16]},"faces":{"north":{"uv":[0,0,0,6],"texture":"#5"},"east":{"uv":[0,0,12,6],"texture":"#5"},"south":{"uv":[0,0,0,6],"texture":"#5"},"west":{"uv":[12,0,0,6],"texture":"#5"},"up":{"uv":[0,0,0,12],"rotation":180,"texture":"#5"},"down":{"uv":[0,0,0,12],"rotation":180,"texture":"#5"}}},{"from":[-1,4.5,7.5],"to":[10,5.5,8.5],"faces":{"north":{"uv":[0,15.5,5.5,16],"rotation":180,"texture":"#6"},"east":{"uv":[15.5,10.5,16,11],"rotation":270,"texture":"#6"},"south":{"uv":[0,15.5,5.5,16],"texture":"#6"},"west":{"uv":[15.5,10.5,16,11],"rotation":90,"texture":"#6"},"up":{"uv":[0,15.5,5.5,16],"rotation":180,"texture":"#6"},"down":{"uv":[0,15.5,5.5,16],"texture":"#6"}}},{"from":[10,4.5,7.5],"to":[21,5.5,8.5],"rotation":{"angle":0,"axis":"y","origin":[16,0,0]},"faces":{"north":{"uv":[5.5,15.5,0,16],"rotation":180,"texture":"#6"},"east":{"uv":[16,10.5,15.5,11],"rotation":270,"texture":"#6"},"south":{"uv":[5.5,15.5,0,16],"texture":"#6"},"west":{"uv":[16,10.5,15.5,11],"rotation":90,"texture":"#6"},"up":{"uv":[5.5,15.5,0,16],"rotation":180,"texture":"#6"},"down":{"uv":[5.5,15.5,0,16],"texture":"#6"}}},{"from":[28,4,7],"to":[29,6,9],"rotation":{"angle":0,"axis":"y","origin":[22,-8,27]},"faces":{"north":{"uv":[3,13.5,2,14],"rotation":90,"texture":"#6"},"east":{"uv":[4,13,3,14],"rotation":180,"texture":"#6"},"south":{"uv":[3,13.5,2,14],"rotation":270,"texture":"#6"},"west":{"uv":[5,13,4,14],"texture":"#6"},"up":{"uv":[3,13,2,13.5],"rotation":270,"texture":"#6"},"down":{"uv":[3,13,2,13.5],"rotation":270,"texture":"#6"}}},{"from":[21,4,7],"to":[22,6,9],"rotation":{"angle":0,"axis":"y","origin":[26.5,-8,7.5]},"faces":{"north":{"uv":[9.5,6,10,5],"texture":"#6"},"east":{"uv":[2,13,1,14],"rotation":180,"texture":"#6"},"south":{"uv":[9.5,6,10,5],"rotation":180,"texture":"#6"},"west":{"uv":[2,13,1,14],"texture":"#6"},"up":{"uv":[9.5,7,10,6],"rotation":180,"texture":"#6"},"down":{"uv":[9.5,7,10,6],"rotation":180,"texture":"#6"}}},{"from":[20,4,6],"to":[28,6,7],"rotation":{"angle":0,"axis":"y","origin":[26.5,-8,7.5]},"faces":{"north":{"uv":[10,4,11,8],"rotation":90,"texture":"#6"},"east":{"uv":[9.5,14,10,15],"rotation":180,"texture":"#6"},"south":{"uv":[11,4,12,8],"rotation":270,"texture":"#6"},"west":{"uv":[9.5,15,10,16],"texture":"#6"},"up":{"uv":[5.5,15.5,9.5,16],"rotation":180,"texture":"#6"},"down":{"uv":[5.5,16,9.5,15.5],"rotation":180,"texture":"#6"}}},{"from":[21,4,4],"to":[26,6,5],"rotation":{"angle":0,"axis":"y","origin":[26.5,-8,7.5]},"faces":{"north":{"uv":[1,14.5,3.5,15.5],"texture":"#6"},"east":{"uv":[1.5,14,2.5,14.5],"rotation":90,"texture":"#6"},"south":{"uv":[3.5,14.5,6,15.5],"rotation":180,"texture":"#6"},"west":{"uv":[5,14,6,14.5],"rotation":270,"texture":"#6"},"up":{"uv":[2.5,14,5,14.5],"rotation":180,"texture":"#6"},"down":{"uv":[2.5,14.5,5,14],"rotation":180,"texture":"#6"}}},{"from":[22,4,3],"to":[25,6,4],"rotation":{"angle":0,"axis":"y","origin":[26.5,-8,7.5]},"faces":{"north":{"uv":[0,12.5,1,14],"rotation":90,"texture":"#6"},"east":{"uv":[5,13.5,6,13],"rotation":90,"texture":"#6"},"south":{"uv":[0,14,1,15.5],"rotation":270,"texture":"#6"},"west":{"uv":[5,13.5,6,14],"rotation":270,"texture":"#6"},"up":{"uv":[9.5,7,10,8.5],"rotation":270,"texture":"#6"},"down":{"uv":[10,7,9.5,8.5],"rotation":270,"texture":"#6"}}},{"from":[20,4,5],"to":[27,6,6],"rotation":{"angle":0,"axis":"y","origin":[26.5,-8,7.5]},"faces":{"north":{"uv":[6,13.5,9.5,14.5],"texture":"#6"},"east":{"uv":[9.5,8.5,10,9.5],"rotation":180,"texture":"#6"},"south":{"uv":[6,14.5,9.5,15.5],"rotation":180,"texture":"#6"},"west":{"uv":[9.5,9.5,10,10.5],"texture":"#6"},"up":{"uv":[9.5,10.5,10,14],"rotation":270,"texture":"#6"},"down":{"uv":[10,10.5,9.5,14],"rotation":270,"texture":"#6"}}},{"from":[20,4,10],"to":[27,6,11],"rotation":{"angle":0,"axis":"y","origin":[26.5,-8,8.5]},"faces":{"north":{"uv":[6,15.5,9.5,14.5],"texture":"#6"},"east":{"uv":[10,8.5,9.5,9.5],"rotation":180,"texture":"#6"},"south":{"uv":[6,14.5,9.5,13.5],"rotation":180,"texture":"#6"},"west":{"uv":[10,9.5,9.5,10.5],"texture":"#6"},"up":{"uv":[10,10.5,9.5,14],"rotation":270,"texture":"#6"},"down":{"uv":[9.5,10.5,10,14],"rotation":270,"texture":"#6"}}},{"from":[22,4,12],"to":[25,6,13],"rotation":{"angle":0,"axis":"y","origin":[26.5,-8,8.5]},"faces":{"north":{"uv":[1,14,0,15.5],"rotation":90,"texture":"#6"},"east":{"uv":[5,13.5,6,13],"rotation":90,"texture":"#6"},"south":{"uv":[1,12.5,0,14],"rotation":270,"texture":"#6"},"west":{"uv":[5,14,6,13.5],"rotation":270,"texture":"#6"},"up":{"uv":[10,7,9.5,8.5],"rotation":270,"texture":"#6"},"down":{"uv":[9.5,7,10,8.5],"rotation":270,"texture":"#6"}}},{"from":[22,5,7],"to":[28,5,9],"faces":{"north":{"uv":[0,0,6,0],"rotation":180,"texture":"#11"},"east":{"uv":[0,0,0,2],"rotation":270,"texture":"#11"},"south":{"uv":[0,0,6,0],"texture":"#11"},"west":{"uv":[0,0,0,2],"rotation":90,"texture":"#11"},"up":{"uv":[7.5,11,9.5,5],"rotation":270,"texture":"#11"},"down":{"uv":[7.5,5,9.5,11],"rotation":90,"texture":"#11"}}},{"from":[21,4,11],"to":[26,6,12],"rotation":{"angle":0,"axis":"y","origin":[26.5,-8,8.5]},"faces":{"north":{"uv":[3.5,15.5,6,14.5],"texture":"#6"},"east":{"uv":[1.5,14.5,2.5,14],"rotation":90,"texture":"#6"},"south":{"uv":[1,15.5,3.5,14.5],"rotation":180,"texture":"#6"},"west":{"uv":[5,14.5,6,14],"rotation":270,"texture":"#6"},"up":{"uv":[2.5,14.5,5,14],"rotation":180,"texture":"#6"},"down":{"uv":[2.5,14,5,14.5],"rotation":180,"texture":"#6"}}},{"from":[20,4,9],"to":[28,6,10],"rotation":{"angle":0,"axis":"y","origin":[26.5,-8,8.5]},"faces":{"north":{"uv":[12,4,11,8],"rotation":90,"texture":"#6"},"east":{"uv":[10,14,9.5,15],"rotation":180,"texture":"#6"},"south":{"uv":[11,4,10,8],"rotation":270,"texture":"#6"},"west":{"uv":[10,15,9.5,16],"texture":"#6"},"up":{"uv":[5.5,16,9.5,15.5],"rotation":180,"texture":"#6"},"down":{"uv":[5.5,15.5,9.5,16],"rotation":180,"texture":"#6"}}},{"from":[9.67687,2.86205,-4.01357],"to":[14.67687,4.86205,7.98643],"rotation":{"angle":45,"axis":"y","origin":[10.59847,3.86205,-3.5]},"faces":{"north":{"uv":[6,5.5,7,3],"rotation":90,"texture":"#0"},"east":{"uv":[13,14,7,15],"texture":"#0"},"south":{"uv":[6,5.5,7,3],"rotation":270,"texture":"#0"},"west":{"uv":[13,14,7,15],"rotation":180,"texture":"#0"},"up":{"uv":[8.5,1,14.5,3.5],"rotation":90,"texture":"#0"},"down":{"uv":[14.5,1,8.5,3.5],"rotation":90,"texture":"#0"}}},{"from":[18.09025,2.96205,1.75959],"to":[21.59025,4.76205,5.25959],"rotation":{"angle":0,"axis":"y","origin":[10.59847,3.86205,-3.5]},"faces":{"north":{"uv":[10.5,11.75,11.5,10],"rotation":90,"texture":"#2"},"east":{"uv":[1,13,4.5,15],"texture":"#3"},"south":{"uv":[10.5,11.75,11.5,10],"rotation":270,"texture":"#2"},"west":{"uv":[4.5,13,1,15],"rotation":180,"texture":"#3"},"up":{"uv":[10,13.75,11.75,15.5],"rotation":90,"texture":"#2"},"down":{"uv":[11.75,13.75,10,15.5],"rotation":90,"texture":"#2"}}},{"from":[7.67687,2.86205,-6.01357],"to":[9.67687,4.86205,7.98643],"rotation":{"angle":45,"axis":"y","origin":[10.59847,3.86205,-3.5]},"faces":{"north":{"uv":[7.5,3,8.5,2],"rotation":90,"texture":"#0"},"east":{"uv":[7,13,0,14],"texture":"#0"},"south":{"uv":[7.5,3,8.5,2],"rotation":270,"texture":"#0"},"west":{"uv":[14,14,7,15],"rotation":180,"texture":"#0"},"up":{"uv":[7,13,0,14],"rotation":90,"texture":"#0"},"down":{"uv":[7,13,0,14],"rotation":90,"texture":"#0"}}},{"from":[17.85,1.96205,2.77418],"to":[19.85,5.76205,5.77418],"rotation":{"angle":22.5,"axis":"y","origin":[10.59847,3.86205,-3.5]},"faces":{"north":{"uv":[12,10,14,9],"rotation":90,"texture":"#0"},"east":{"uv":[4,8,1,12],"texture":"#3"},"south":{"uv":[6.5,11,10.5,9],"rotation":270,"texture":"#3"},"west":{"uv":[14.5,11.5,13,13.5],"rotation":180,"texture":"#0"},"up":{"uv":[5,10,3.5,11],"rotation":90,"texture":"#0"},"down":{"uv":[3.5,10,5,11],"rotation":90,"texture":"#0"}}},{"from":[0,3.5,-5.5],"to":[4,3.5,6.5],"rotation":{"angle":-45,"axis":"y","origin":[2,4.5,3.5]},"faces":{"north":{"uv":[1.25,0,0,0],"rotation":180,"texture":"#2"},"east":{"uv":[0,2.75,0,0],"rotation":90,"texture":"#2"},"south":{"uv":[1.25,0,0,0],"texture":"#2"},"west":{"uv":[0,2.75,0,0],"rotation":270,"texture":"#2"},"up":{"uv":[14,6,16,0],"texture":"#2"},"down":{"uv":[16,6,14,0],"rotation":180,"texture":"#2"}}},{"from":[0,3.5,9.5],"to":[4,3.5,21.5],"rotation":{"angle":45,"axis":"y","origin":[2,4.5,12.5]},"faces":{"north":{"uv":[0,0,1.25,0],"texture":"#2"},"east":{"uv":[0,0,0,2.75],"rotation":90,"texture":"#2"},"south":{"uv":[0,0,1.25,0],"rotation":180,"texture":"#2"},"west":{"uv":[0,0,0,2.75],"rotation":270,"texture":"#2"},"up":{"uv":[14,0,16,6],"texture":"#2"},"down":{"uv":[16,0,14,6],"rotation":180,"texture":"#2"}}},{"from":[14.77687,1.86205,-8.01357],"to":[16.77687,5.86205,5.98643],"rotation":{"angle":45,"axis":"y","origin":[10.59847,3.86205,-3.5]},"faces":{"north":{"uv":[6.5,15,10.5,13],"rotation":90,"texture":"#3"},"east":{"uv":[1,6.5,15,2.5],"texture":"#3"},"south":{"uv":[7,16,9,15],"rotation":270,"texture":"#0"},"west":{"uv":[13.5,0,6.5,2],"rotation":180,"texture":"#2"},"up":{"uv":[9,15,16,16],"rotation":90,"texture":"#0"},"down":{"uv":[16,15,9,16],"rotation":90,"texture":"#0"}}},{"from":[9,3.26205,-9.03795],"to":[11,4.46205,-8.03795],"rotation":{"angle":0,"axis":"y","origin":[10.59847,3.86205,-3.5]},"faces":{"north":{"uv":[3.5,11.5,3,10.5],"rotation":270,"texture":"#0"},"east":{"uv":[2,11,2.5,11.5],"rotation":180,"texture":"#0"},"south":{"uv":[3,11,2.5,10],"rotation":90,"texture":"#0"},"west":{"uv":[2,11,2.5,11.5],"texture":"#0"},"up":{"uv":[2.5,10,2,11],"rotation":270,"texture":"#0"},"down":{"uv":[2,10,2.5,11],"rotation":270,"texture":"#0"}}},{"from":[14.13263,3.46205,-6.14499],"to":[15.13263,4.26205,-5.14499],"rotation":{"angle":45,"axis":"y","origin":[10.59847,3.86205,-3.5]},"faces":{"north":{"uv":[1.5,10.5,1,11],"texture":"#0"},"east":{"uv":[3,10.5,3.5,10],"rotation":270,"texture":"#0"},"south":{"uv":[1.5,10.5,1,11],"rotation":180,"texture":"#0"},"west":{"uv":[0.5,12,1,11.5],"rotation":90,"texture":"#0"},"up":{"uv":[1.5,11.5,1,11],"rotation":180,"texture":"#0"},"down":{"uv":[1,11.5,1.5,11],"texture":"#0"}}},{"from":[8.91614,3.36205,-8.71916],"to":[9.91614,4.36205,-7.71916],"rotation":{"angle":-22.5,"axis":"y","origin":[10.59847,3.86205,-3.5]},"faces":{"north":{"uv":[3.25,11.5,2.75,12],"texture":"#0"},"east":{"uv":[3.5,12,3,12.5],"texture":"#0"},"south":{"uv":[2.5,12.5,2,13],"rotation":180,"texture":"#0"},"west":{"uv":[3.5,12,3,12.5],"rotation":180,"texture":"#0"},"up":{"uv":[2,12,2.5,12.5],"rotation":90,"texture":"#0"},"down":{"uv":[2,12,2.5,12.5],"rotation":270,"texture":"#0"}}},{"from":[9,3.26205,-4.73795],"to":[11,4.46205,-3.73795],"rotation":{"angle":0,"axis":"y","origin":[10.59847,3.86205,-3.5]},"faces":{"north":{"uv":[1.5,13,2,12],"rotation":270,"texture":"#0"},"east":{"uv":[2.25,11.5,1.75,12],"rotation":180,"texture":"#0"},"south":{"uv":[2.5,13,3,12],"rotation":90,"texture":"#0"},"west":{"uv":[2.25,11.5,1.75,12],"texture":"#0"},"up":{"uv":[1,12,1.5,13],"rotation":270,"texture":"#0"},"down":{"uv":[1.5,12,1,13],"rotation":270,"texture":"#0"}}},{"from":[11.11168,3.36205,-4.53991],"to":[12.11168,4.36205,-3.53991],"rotation":{"angle":22.5,"axis":"y","origin":[10.59847,3.86205,-3.5]},"faces":{"north":{"uv":[1.25,12,1.75,11.5],"rotation":270,"texture":"#0"},"east":{"uv":[2,11,1.5,11.5],"rotation":180,"texture":"#0"},"south":{"uv":[2.25,12,2.75,11.5],"rotation":90,"texture":"#0"},"west":{"uv":[2,11,1.5,11.5],"texture":"#0"},"up":{"uv":[1.5,10.5,2,11],"rotation":270,"texture":"#0"},"down":{"uv":[2,10.5,1.5,11],"rotation":270,"texture":"#0"}}},{"from":[12.02553,3.46205,-3.93789],"to":[13.02553,4.26205,-2.93789],"rotation":{"angle":45,"axis":"y","origin":[10.59847,3.86205,-3.5]},"faces":{"north":{"uv":[0.5,13,1,12.5],"rotation":90,"texture":"#0"},"east":{"uv":[2,10,1.5,10.5],"texture":"#0"},"south":{"uv":[2.5,11.5,3,11],"rotation":270,"texture":"#0"},"west":{"uv":[2,10,1.5,10.5],"rotation":180,"texture":"#0"},"up":{"uv":[0.5,12,1,12.5],"rotation":90,"texture":"#0"},"down":{"uv":[1,12,0.5,12.5],"rotation":90,"texture":"#0"}}},{"from":[11.7,3.36205,-7.83795],"to":[12.7,4.36205,-4.83795],"rotation":{"angle":0,"axis":"y","origin":[10.59847,3.86205,-3.5]},"faces":{"north":{"uv":[1.5,10,1,10.5],"texture":"#0"},"east":{"uv":[0,11.5,0.5,10],"rotation":270,"texture":"#0"},"south":{"uv":[1.5,10,1,10.5],"rotation":180,"texture":"#0"},"west":{"uv":[0,13,0.5,11.5],"rotation":90,"texture":"#0"},"up":{"uv":[0.5,11.5,1,10],"rotation":180,"texture":"#0"},"down":{"uv":[1,11.5,0.5,10],"texture":"#0"}}},{"from":[7.5,3.36205,-7.83795],"to":[8.5,4.36205,-4.83795],"rotation":{"angle":0,"axis":"y","origin":[10.59847,3.86205,-3.5]},"faces":{"north":{"uv":[1,10,1.5,10.5],"texture":"#0"},"east":{"uv":[0.5,13,0,11.5],"rotation":270,"texture":"#0"},"south":{"uv":[1,10,1.5,10.5],"rotation":180,"texture":"#0"},"west":{"uv":[0.5,11.5,0,10],"rotation":90,"texture":"#0"},"up":{"uv":[1,11.5,0.5,10],"rotation":180,"texture":"#0"},"down":{"uv":[0.5,11.5,1,10],"texture":"#0"}}},{"from":[9.33141,3.46205,-6.632],"to":[10.33141,4.26205,-5.632],"rotation":{"angle":45,"axis":"y","origin":[10.59847,3.86205,-3.5]},"faces":{"north":{"uv":[1.5,10,2,10.5],"texture":"#0"},"east":{"uv":[1,13,0.5,12.5],"rotation":270,"texture":"#0"},"south":{"uv":[1.5,10,2,10.5],"rotation":180,"texture":"#0"},"west":{"uv":[3,11.5,2.5,11],"rotation":90,"texture":"#0"},"up":{"uv":[0.5,12.5,1,12],"rotation":180,"texture":"#0"},"down":{"uv":[1,12.5,0.5,12],"texture":"#0"}}},{"from":[8.16421,3.36205,-4.1584],"to":[9.16421,4.36205,-3.1584],"rotation":{"angle":-22.5,"axis":"y","origin":[10.59847,3.86205,-3.5]},"faces":{"north":{"uv":[1.25,11.5,1.75,12],"rotation":270,"texture":"#0"},"east":{"uv":[2,11.5,1.5,11],"rotation":180,"texture":"#0"},"south":{"uv":[2.25,11.5,2.75,12],"rotation":90,"texture":"#0"},"west":{"uv":[2,11.5,1.5,11],"texture":"#0"},"up":{"uv":[1.5,11,2,10.5],"rotation":270,"texture":"#0"},"down":{"uv":[2,11,1.5,10.5],"rotation":270,"texture":"#0"}}},{"from":[10.35974,3.36205,-9.10067],"to":[11.35974,4.36205,-8.10067],"rotation":{"angle":22.5,"axis":"y","origin":[10.59847,3.86205,-3.5]},"faces":{"north":{"uv":[2.75,11.5,3.25,12],"texture":"#0"},"east":{"uv":[3.5,12.5,3,12],"texture":"#0"},"south":{"uv":[2,12.5,2.5,13],"rotation":180,"texture":"#0"},"west":{"uv":[3.5,12.5,3,12],"rotation":180,"texture":"#0"},"up":{"uv":[2,12.5,2.5,12],"rotation":90,"texture":"#0"},"down":{"uv":[2,12.5,2.5,12],"rotation":270,"texture":"#0"}}},{"from":[8,3.86205,-8.63795],"to":[12.5,3.86205,-4.13795],"rotation":{"angle":0,"axis":"y","origin":[2,11.86205,-0.63795]},"faces":{"north":{"uv":[3,0,0,0],"texture":"#4"},"east":{"uv":[0,0,0,6],"rotation":270,"texture":"#4"},"south":{"uv":[3,0,0,0],"rotation":180,"texture":"#4"},"west":{"uv":[0,0,0,6],"rotation":90,"texture":"#4"},"up":{"uv":[1.5,9.5,6,14],"rotation":180,"texture":"#4"},"down":{"uv":[1.5,9.5,6,14],"texture":"#4"}}},{"from":[11.53852,3.46205,-8.73911],"to":[12.53852,4.26205,-7.73911],"rotation":{"angle":45,"axis":"y","origin":[10.59847,3.86205,-3.5]},"faces":{"north":{"uv":[3.5,10.5,3,10],"rotation":90,"texture":"#0"},"east":{"uv":[1,10.5,1.5,11],"texture":"#0"},"south":{"uv":[1,12,0.5,11.5],"rotation":270,"texture":"#0"},"west":{"uv":[1,10.5,1.5,11],"rotation":180,"texture":"#0"},"up":{"uv":[1.5,11,1,11.5],"rotation":90,"texture":"#0"},"down":{"uv":[1,11,1.5,11.5],"rotation":90,"texture":"#0"}}}],"gui_light":"front","display":{"thirdperson_righthand":{"rotation":[0,90,0],"translation":[0,4,-4.5],"scale":[0.4,0.4,0.4]},"thirdperson_lefthand":{"rotation":[0,-90,0],"translation":[0,4.25,-4.5],"scale":[0.4,0.4,0.4]},"firstperson_righthand":{"rotation":[-155.25,88,150],"translation":[0.5,5,0.5],"scale":[0.5,0.5,0.5]},"firstperson_lefthand":{"rotation":[-155.25,-88,-150],"translation":[0.5,5,0.5],"scale":[0.5,0.5,0.5]},"ground":{"rotation":[41,-25,2],"translation":[0,7,0],"scale":[0.36,0.36,0.36]},"gui":{"rotation":[-90,136,-180],"translation":[-0.5,-1,0],"scale":[0.37,0.37,0.37]},"head":{"rotation":[-135.5,0,0],"translation":[0,20.5,4.75],"scale":[0,0,0]},"fixed":{"rotation":[-90,-45,0],"translation":[0.25,-0.75,-19.5],"scale":[1.5,1.5,1.5]}},"groups":[{"name":"group","origin":[0.5,5.5,1],"color":0,"children":[0,1,2,3,4,{"name":"group","origin":[9.4,20.9,8],"color":0,"children":[5,6,7,8,9,10,11,12,13,14,15,16,17]}]},{"name":"group","origin":[0,0,0],"color":0,"children":[18,19,20,21,22,23,24,{"name":"group","origin":[8,-9.1,10.5],"color":0,"children":[25,26,27,28,29,30]},{"name":"group","origin":[8,-9.1,10.5],"color":0,"children":[31,32,33,34,35,36]}]},{"name":"group","origin":[8,8,8],"color":0,"children":[37,38,39,40,41,{"name":"group","origin":[3.5,3,5],"color":0,"children":[]},42]},43,44,45,46,47,48,49,50,51,52,53,54,55,{"name":"Arrow","origin":[8,8,8],"color":0,"children":[56,57,{"name":"group","origin":[-0.5,22,8],"color":0,"children":[58,59,60,61,62,63,64,65,66,67,68]}]},{"name":"group","origin":[0.5,5.5,1],"color":0,"children":[69,70,71,72,73,74,75,{"name":"group","origin":[9.4,20.9,8],"color":0,"children":[76,77,78,79,80,81,82,83,84,85,86,87,88]}]}],"mcmodels":"aa41e13de3658d69c2dd9309b94c8b7f"}