{
	"textures": {
		"0": "minecraft:custom/blue_slash",
		"particle": "minecraft:item/pufferfish"
	},
	"display": {
		"head": {
			"rotation": [0, 180, 0]
		}
	},
	"elements": [
		{
			"from": [-4, 8, -4],
			"to": [20, 8, 20],
			"rotation": {
				"angle": 0,
				"axis": "y",
				"origin": [8, 8, 8]
			},
			"faces": {
				"north": {
					"uv": [0, 0, 7.8125, 0],
					"texture": "#0"
				},
				"east": {
					"uv": [0, 0, 7.8125, 0],
					"texture": "#0"
				},
				"south": {
					"uv": [0, 0, 7.8125, 0],
					"texture": "#0"
				},
				"west": {
					"uv": [0, 0, 7.8125, 0],
					"texture": "#0"
				},
				"up": {
					"uv": [0, 0, 16, 16],
					"texture": "#0"
				},
				"down": {
					"uv": [0, 16, 16, 0],
					"texture": "#0"
				}
			}
		}
	]
}